x1,x2,x3,x4,x5,x6,y
-1.0,0.5095211896085051,0.3740054920166237,-0.12241844577990679,1.0,0.9940381107343826,5.413073209400704
0.516612486820603,-0.7239448920104837,0.16567665690356387,-0.6925765976648255,-0.9951807132955937,-1.0,6.666655751322912
-0.9359137471757386,-0.5451662073669666,-0.3309962472182467,-0.5427495314127898,1.0,0.8017416180094721,3.596151299625105
0.46388775216021516,-0.12207450163187783,1.0,0.28103821020143793,0.7463794092518439,0.39584473375410717,-1.8043614045995668
-0.2146334721210328,-0.06747344468058036,-0.17617805500347436,-0.1507438921651545,1.0,0.22388250918037894,0.9996000541220935
1.0,0.6919786545596252,0.18321307764261419,1.0,0.17587329989436812,1.0,1.2477439620610062
0.2982400497396014,-0.5515234332002974,-0.03091104547696455,0.5157957312137826,-0.6411307573352683,-0.8333412175111563,3.605636829200496
-1.0,-0.2652866638620077,-0.017020669338083882,-0.30114117730819656,-0.6042994530082341,-0.42984043330217897,-0.1237173011634849
-1.0,-1.0,-0.30497528649708483,-1.0,-1.0,-0.9645755745742615,5.316462714133031
0.7362623749002444,-0.5379904089779605,-0.7873785973544126,0.26397606940586943,0.8414706676863928,0.355807678915341,-1.8386004712346073
-0.93052602550092,-1.0,-1.0,-0.09106618049127858,0.2912350081779064,0.0857368528990946,-4.231408954657223
-0.5236085728011965,-0.3678221776393569,-0.011026199315093521,-1.0,1.0,1.0,4.872974721918277
0.9341780105348709,1.0,1.0,1.0,-1.0,-0.4670964914130079,5.791203389284666
-1.0,-1.0,-1.0,-0.5444098705106581,-0.2793238324012133,-0.061229108064912774,-5.2614374510474855
-0.5049867804214988,-0.37036276293649495,-0.7787995397563338,-0.552054670402531,-1.0,-1.0,0.9682939314673064
-1.0,-0.5519771123372263,-0.14269407179198268,0.20209771738016258,0.05433636021767685,-0.3617309770918685,0.6031030375451247
-0.16586881907620854,-0.34870189874727375,0.4230672432664305,-0.16446646166000717,-1.0,-0.41766800328993803,-0.30298924571871827
-0.05884747628684095,0.6972984767632797,0.0822353607303486,1.0,0.1891396988243108,1.0,1.493493168111972
-0.543318228767965,0.29297577337920194,-0.7161064165500128,-0.06464148459197738,-0.011020497769003268,1.0,5.665378315847453
-1.0,0.6297190570859947,0.27726969166798643,-0.32494855578164117,0.2249379137323324,1.0,0.5635804090957586
1.0,-1.0,-1.0,-0.3295215917274935,-0.09912624272937007,0.7940784053529115,-1.0817202022160464
-1.0,-1.0,-0.40141255726867486,-0.22550891706133513,-0.9388301126752683,-1.0,1.4948607229902104
0.6751141165177529,-0.06585887932007584,1.0,1.0,1.0,0.12427877087217065,-4.691817787732047
-0.9730437734431587,-1.0,0.14410097372066577,-1.0,-0.6102367531211766,-0.7590379536393947,3.080116668418638
-1.0,-0.014673849572579112,-0.6631744368457674,-0.5402697778874627,-0.2574708718258226,0.9168853804016949,2.7467600898742006
0.03781334240039347,-1.0,-1.0,-1.0,0.5082149638161709,0.13464721036657679,-5.448845366567786
0.4886112197809769,0.19598512060790302,0.3076820286995199,-0.5230844825631062,0.9426148644581921,0.06889099408757304,-0.13387464687630257
-0.9610534438977264,0.855336375644112,0.053207540158609026,-0.0004910400568192697,-0.7468238148166279,-0.5277989627542301,-2.5741799858087173
-0.1624546415403501,-0.057703112386004674,-1.0,-0.18196272272299263,1.0,1.0,8.827667902678057
0.06945513261253189,-0.3872161167521547,-0.611592267099645,-1.0,0.20803347143618908,-0.0012151361776405606,-0.34856275075677867
-0.36075467145295065,0.5975363171052741,0.11845375024756488,0.9937543884012969,0.4533422606017321,0.48157726697275727,-0.0460354464006103
1.0,0.15468676499291822,-0.3264680112346121,1.0,-1.0,-1.0,8.269358604212233
-0.15957556499443976,-1.0,-1.0,-0.33594976288334266,-1.0,-1.0,0.9805287490472651
0.05797529373178145,0.001367129780607268,0.6535055017618803,0.3684463652847265,0.6004363144373039,-0.6191747275590469,1.178061800567777
1.0,1.0,1.0,1.0,-1.0,1.0,1.9101647170084852
0.3199886813000774,0.4344619051610694,1.0,1.0,0.7798097528807357,-1.0,-2.2300649165863953
0.6054748534039269,1.0,0.5466435771929166,0.3486393647812911,0.38093468147316784,0.22674638143292922,-2.3065476812699153
-1.0,-0.7088309849641151,-1.0,-1.0,-1.0,-0.26682251127867795,-1.7110877819467056
0.12531288626922063,0.5118540953965096,-0.21522777611485466,-0.4139759433438729,0.5996095828654997,0.2405196648340121,0.7615074756844308
-1.0,0.18720869585431288,-0.003897472655029155,-0.9492644589438636,-0.3278533401593662,-1.0,0.6368783295630925
0.7462347101774154,-0.590103671969032,-0.6371042068911543,-0.2914428806386504,0.4956078412039666,0.7203471869900098,-1.3789198395477733
0.5662164331408375,1.0,1.0,1.0,-0.09163707463188475,0.002165096769114694,-2.344239553725324
1.0,0.46530311966239335,-0.31480137527996743,1.0,0.2689280158984283,-0.5328352513029525,0.024442490780038684
-0.7966583424576452,-1.0,0.23637087382362654,-1.0,-0.0807654229035584,-0.16859192779095933,-0.19054387448077237
0.2719306168968765,1.0,0.9084413866750538,0.3158989459627297,0.6510786052303522,0.2580995450648387,-3.1080664812331245
-1.0,-0.8220418400800352,1.0,0.015074530405172926,-0.935723949923764,-0.4383847565970369,-0.24235120857730874
-0.7754219929761899,-1.0,-1.0,-0.11294432567985746,0.5823388253312465,0.5064587331727768,-1.5912838973131183
-1.0,-0.4528219185004403,-0.257894625561915,-0.5401003955511827,-0.08083810456311591,-0.004824508202796118,-0.6645136419234012
1.0,1.0,0.6261288223259125,0.17659684283024157,-0.8118042600801283,-0.7997159547653285,3.7715871601309985
-1.0,-1.0,-1.0,-0.7024289007544404,0.36010793635838445,0.8781197689335645,-1.363414727830902
-0.31534113980622236,-0.7588550767625319,0.5347500076433128,-1.0,-1.0,-0.1683569507905618,3.4524811494420895
0.38126144884152924,0.4138092207202322,-1.0,-0.9013976925290985,-0.6601100062064891,-1.0,0.8166249089945037
-1.0,0.30996933305899854,-0.5100826210213567,0.3694161555427651,0.14982871095770856,0.3911106771983537,1.0212213171489708
1.0,1.0,0.06643329085664984,-0.9063862748532073,0.33375660978110755,0.7096069402012432,3.036523535102825
0.5939353131584235,0.9774482377502152,1.0,0.11728617538178088,0.6818302023610474,0.6498486945083484,-3.211380007192858
-0.9267952813442751,-1.0,-1.0,-1.0,0.6537143540092984,-0.46735743997952783,-4.992661504128113
1.0,1.0,-0.006041270450241498,1.0,0.6199253953159539,1.0,-0.45834211909695743
-1.0,1.0,-1.0,-0.5163705528783604,0.410409587501102,-0.7024896602492954,4.344235328981169
-0.8492256656486424,-0.6299551485138198,0.03669083647374974,-0.5998348330699106,1.0,0.6733972072215104,2.313947404587601
1.0,-0.8331973021620791,-0.6283260033161023,1.0,1.0,0.1272374753448393,-3.908444457740228
-0.04120921314211323,-0.1724347883432658,0.6342006350402032,-1.0,-1.0,1.0,2.9662906535053595
0.3430167892657563,0.21232820956886433,0.05136025859083526,0.9946521121571377,0.005360115100628837,-1.0,4.240900482418087
0.32721895976635373,0.6559708841298619,0.8381315990614532,0.43428420893350084,-1.0,0.1457397421757522,0.29504514140867166
0.3727662963523652,0.2054699833295241,0.6278414977136207,-1.0,-0.989750152548881,-1.0,3.199174766448592
-1.0,-0.6802854348605314,0.10789999905017233,-1.0,-0.6791344628901175,0.6502902109260088,-0.9806919455163283
0.1322201580112637,0.4320520154793186,1.0,0.36799185604659035,-0.48623601087686374,-1.0,1.4285161215815512
0.36133054184072555,-0.8287798689970549,-0.34160652846392314,0.05530639179963143,0.6677931604517271,-0.6818189839683547,-0.6701826002203973
1.0,-0.36345326466416883,0.7724778182289487,0.7770967660856118,-0.5882289554805946,0.2833751863435256,2.1149501107502537
-1.0,0.4749382558676646,-0.7247444151202792,-1.0,0.9229985684382429,-0.008692807512861889,1.5466526201429378
0.35427885200476966,-0.39814813380854996,-0.3354101972688641,-0.01153896527287146,0.0667181207213764,-0.2375511761064427,-0.7460075375303662
0.4531263113446759,0.6478326913691866,1.0,1.0,0.40081651008069863,1.0,-4.366245393609477
-0.5320654657237253,-0.0877879770594352,0.72592539947907,-1.0,0.8047516691875656,1.0,0.7551479478806864
-1.0,-0.9154210222890466,-1.0,-1.0,0.7727233617506704,0.9038087066569667,-2.468217916532297
-0.2950811179358914,1.0,0.38324648520895455,-0.01230086058925816,0.0037355709831474737,0.8682700242421691,1.3794779790024885
-0.6314468500326131,-0.9130376380936984,1.0,0.4040064163474326,0.5206390755484085,0.4311533675733178,1.899195291650659
0.4985314888976501,-0.4650006164230627,-0.7354301878983859,-0.2954626522382543,1.0,-0.1607047488107995,-1.8732385488718346
-0.44622816779750296,1.0,1.0,-0.08360875144721347,0.6604984040778644,0.8903504273644266,-2.323213792880419
0.7070206397354968,-0.11247045342740417,0.39674763217045805,1.0,-0.4090433279982714,0.10147552033145645,0.25114259090518615
-0.5622719454608709,-1.0,0.15728844747538723,-0.6717580791037917,1.0,1.0,2.0995655509609485
-0.4118265965456207,-1.0,-0.3918149866550791,-0.3501226902749399,0.37254381310681284,0.5043977306808274,-0.5319006044808932
-0.11342677515059191,1.0,0.6781834971862368,-0.17379883375526894,-1.0,-1.0,-1.3241553950795628
-0.7503292297777233,-0.9786832910430514,-1.0,0.08893206026712852,0.4501605848414112,0.8923282445673033,2.496200217262871
0.3872067727770705,0.6217186075708119,0.6160504537547561,1.0,0.6027448241120652,0.35402139727076687,-3.32385288898623
1.0,1.0,0.7566526752407274,1.0,-0.37438431865887556,-1.0,6.750531292076514
-1.0,-1.0,-0.604028384948527,0.8133068863771657,1.0,1.0,3.1098427403571307
-0.5950710910452018,-1.0,0.3471710920731772,0.0700733670919573,0.8930522601933566,0.043527170256756786,1.5618558150059272
1.0,1.0,0.48989440381359417,1.0,0.11125659390866605,0.36553930966410064,-0.9971771069833467
-1.0,-0.5075011044424556,-1.0,0.24455428942955754,-0.7646771685402004,1.0,3.514648028520065
0.31424298771288617,-0.8184689807975662,-0.671977108229505,-1.0,-1.0,-1.0,6.96722334113041
1.0,0.3954837441891872,1.0,1.0,0.014795318029484417,1.0,-3.5847137040348884
-0.8181881090591137,-1.0,0.08142823263128784,0.7809763314428608,0.44678440675087105,1.0,2.2545214972983856
-0.1512693733383772,-0.4483182111193913,-0.6572507301529442,-0.5868473533046781,0.217826569373613,1.0,4.028372524818019
-1.0,-0.5601970606771731,-0.5424596486544235,-0.045086568177427955,-0.5092298090152652,-0.6595012615243323,-0.18104024805225816
-0.1000382171815144,0.1064640796590115,-0.3302985563560423,-1.0,1.0,1.0,6.632433363481055
0.10701635315411295,0.3008334426712832,0.7116644522072535,-0.268992891045805,1.0,-0.4078389779009611,0.0679062796199479
-0.8134225865344058,-1.0,-0.6330214245675895,-1.0,-1.0,0.14602402959116922,0.3847974822014411
-0.3291001131885394,0.10679901188611052,-0.5767901422726791,-0.09318851224884539,-0.8330886457922613,-1.0,-0.36640907143293266
-0.5948359295026118,-0.6954471584952899,0.17910812254296682,1.0,1.0,1.0,4.449660068525733
-0.7482565758800039,-0.6452196459694437,-1.0,-0.13497764179001415,0.9975185752155235,1.0,6.158122671487285
0.5285691280285081,0.6562945275884062,0.09679468544219058,0.46295395974103076,1.0,1.0,2.965903949943042
0.07711395701086665,-1.0,-0.6642700186985171,0.4984920415733696,-0.5429613915602947,0.5590160174635258,0.13436952988462492
-1.0,-0.8759635802547805,0.2973646492364256,-0.10375223718986404,-1.0,-1.0,1.092749048314268
0.20477637810764193,-0.9669214241608259,-0.25848793769784273,-0.5947818001276508,-0.3056485532090383,0.45991548408377897,0.09046376613282076
0.47289179939337955,1.0,0.6307985564135474,-0.6341086851302824,1.0,0.8618873034231742,1.703386922064875
0.5396301456304657,-0.5340267312062833,-0.5082731771526466,0.4967236107274166,-1.0,-0.3539774576722118,1.4935111755891337
0.0072211911127042505,1.0,0.43481336505271506,0.3497516784911425,0.34806387717316634,1.0,1.9619473910960203
-1.0,-0.9161338897180991,-0.5679040005073539,-1.0,-0.4258534009877122,-0.7391926148042159,1.519419480902247
0.25483265554191425,1.0,0.2373113597698216,-0.1262539038839805,0.951250397539127,0.5766942043503522,0.3774464943318804
1.0,1.0,0.6924138933560353,-0.2678603648888363,-1.0,0.5990325965497125,1.4851318783713066
-0.2034202229580252,1.0,0.6485004009858194,0.7264087516548728,-0.3857269640300861,-0.4432739991425858,-0.5748812850770039
-0.5194157794458122,-0.14037971605967048,0.8766324660403223,-0.2437822372978432,0.6356815919425848,-1.0,2.026990347601868
0.45840199635673806,0.7698235650811576,0.4058791555706772,0.16005252000222203,-0.25468148853880346,-0.9329975182355198,2.292859698466493
0.3845911590211425,-1.0,-0.4872086701349813,-0.48555345500222696,-1.0,-0.8638151295560739,4.200539518412502
-0.3582477445574509,-0.6078682975733647,-0.852665988249634,-0.10825393693726654,0.038409589079617,1.0,4.543449832072188
-0.5356649721583105,-1.0,-0.8575161588215781,-0.43474680295051144,-1.0,-1.0,0.9790749579425874
0.12938546754590197,0.3932395552285395,0.2798821939343535,-0.0513639786225607,-0.7276184553799123,-0.7720709762934457,0.610643357977903
1.0,-0.1898727161744006,0.10986761930999267,1.0,0.5482337330932845,1.0,2.1307046842623287
1.0,0.39968340337193964,0.35633876326983127,-0.22850355588419263,-1.0,1.0,7.434564721619323
-0.3328277719719133,-0.3234893439923525,-0.6838287593311434,1.0,-0.49402461533421393,-0.21113983993888474,-2.202551406170723
0.9778197696947989,0.9125379771216127,0.5289012324247957,1.0,-0.626189899881394,-1.0,9.56621657403474
0.9235378468333933,-0.7472192663262003,0.6019345096177696,-0.22700473889624195,-1.0,-0.20683258638985447,5.570196507663457
-0.2845842789694292,-0.44188851042389715,-0.21696380617688438,-0.5893854744757565,-1.0,-0.12674987334787324,1.602503416092969
-0.46838927386689333,-0.8700688901117672,-1.0,-1.0,0.14642520784481694,0.36450644994068154,-3.5884560684704345
-0.6869520184745996,-0.12513989750129684,0.003814281312872425,-1.0,-0.5813906079151026,-1.0,1.0255028295339397
-1.0,-0.014275484000171174,0.3901235554847178,0.875760516591594,-0.2730450931621501,-0.7440650428064826,0.9737842699825712
0.08666103402325259,-0.23156493344109663,-0.18719952967756043,-0.854265076848016,-0.026085923234604236,-0.38602063585015056,0.3496269619660408
-0.42285289837684714,-0.08242845341750837,-0.8266402826578747,-1.0,0.7943697264582885,1.0,6.572094367226032
-0.2655486653998367,-1.0,-0.20808880242614514,-0.7778528206133322,0.3709689240949793,-0.17727681976195564,-0.5021234005250756
0.5275411812880249,1.0,-0.4447891055165277,0.7338721217068409,-1.0,-0.7859880890638077,5.637998565626818
0.46502186782729926,0.1193970900436574,0.10290581690704115,0.1713720264200796,1.0,-1.0,1.0044351376598843
0.9526390234055814,0.632687370847528,1.0,0.5904676972824756,-1.0,-0.7976003029642099,5.911370332705705
1.0,-1.0,0.2010302810461056,-0.2715232901117397,0.34021004769437657,-0.22098654080989166,-0.17643610805845977
-0.897503794126512,-0.6982971464662946,-0.6409131475184598,0.45818783552173675,-0.6074917386320421,0.600599512829476,-1.1802111907519293
-0.24302392686125027,-0.996679513604797,0.6774514519894104,-0.9426220245973169,-1.0,-1.0,9.551202576473626
0.7372584017139144,0.6033977117112623,-0.7256466334226371,0.16878751176864243,0.7950669740196582,-0.18308268650668036,-1.755287934805676
-0.045464696403218235,0.13373650283521804,-0.7304489699951686,0.3703872447912177,-1.0,-1.0,1.2098583698564649
-0.3797843688051071,-0.22562493867261457,-1.0,0.5477013535484591,1.0,1.0,9.330625431662236
-1.0,-0.662287353518233,-0.029533799834136065,-1.0,1.0,1.0,3.7931848010123272
1.0,0.5072382016586392,0.2390873501685193,-0.10072483561712764,0.8078075166156256,-0.36219617263295045,-2.9731416573319773
1.0,-0.03714709475970407,1.0,0.649090580466517,-0.7986296600895146,0.658376467741696,2.4185199668708974
-0.39819442414570655,0.21087188698316617,-0.07053577825098659,0.09390260628766461,0.42051168808142925,1.0,3.409687274627875
0.9530163794366976,0.9905298985703472,-0.23604005333973455,0.5600750301371654,-1.0,-0.8733237471799824,6.5993278050646875
0.823705100030861,0.22907601805290523,-0.5737414779840948,0.9872840074639325,0.11277911332092982,0.1012192279729747,-0.8970265800693404
-1.0,-1.0,-1.0,-1.0,-1.0,-1.0,4.579292225166824
1.0,-0.15595124085312495,-0.2275526772919927,-0.75874464515362,0.5237758763899055,-0.6681168336344687,0.5140505983823899
-1.0,-0.13520836861488528,-1.0,-1.0,-0.6620730418925413,-0.0920943522521952,-1.6348741639807214
0.8636598105151165,0.5820705852289982,1.0,-0.2954141406377895,-0.2366568859228026,0.9369680099626152,-0.7097168646908983
0.03747869415852646,-0.36795678989156355,-1.0,-1.0,-0.6402325308519526,0.060932172018641456,-0.2558442990775652
-1.0,0.6088106631854422,-0.31845040481871506,1.0,1.0,0.6959934720936611,4.066688985250436
-0.5178614085537803,-1.0,0.34539897886175513,-0.40890299324865775,-1.0,-1.0,5.211681357291682
1.0,1.0,0.4007738866950288,0.8668379107126125,1.0,0.4287853087030127,-4.6552652297087285
-0.5912089411675194,1.0,0.9558356720893004,0.8220143777365377,1.0,0.926438974463482,-4.558253851598299
1.0,1.0,-0.0630019600756932,1.0,-0.33632906577421584,-0.7361221032482774,5.921161466862126
-0.3670856774903144,-1.0,-1.0,-1.0,-0.7443331202380088,-0.35599294918152813,-0.8620895350592266
0.09941039521527129,-1.0,-1.0,0.5084014700386196,1.0,0.5203294224186266,-1.0732614013498836
-0.5682420708271722,-1.0,-1.0,1.0,-0.8395562872999394,-1.0,-3.296364586807823
-1.0,-0.30310066516052214,-0.7393110955754594,0.4569839474168962,0.9013110646383345,-0.11615255305018596,1.3927441313982099
0.8383833970704007,0.8849786221062503,1.0,0.83582287603496,-0.3221879470230642,0.4615587117718024,-1.5718584433113578
0.07589693870447364,0.14901040780333374,-1.0,0.305170733798675,0.152794820830584,0.4047383400190997,2.7860925323493895
0.6888794274383898,1.0,0.7511201128568041,-0.1329840912357123,0.6742871052247864,0.7995251088025989,-0.7833252610158123
-1.0,0.11082218109331732,-1.0,0.10817748567546548,0.2928799849554078,0.6833688377666616,3.5440158714639405
0.05826189744516186,1.0,0.7273072235567277,0.326214787285833,-0.17631222812485625,-0.6864585166607698,-0.7205521794375269
-0.5292989401222795,-0.7805919502297264,-0.5315602012522769,-0.440408766614233,-1.0,-0.18536719728954476,-1.2243887849234638
0.48148870517716674,-1.0,-1.0,-0.5192342545563031,-0.21614775946127418,-0.9890987743673052,3.092042539875697
-0.7040829357571259,0.054967568540083334,-0.5561721854683981,-0.23261302482756563,1.0,1.0,6.945049492870335
-0.3522810759349274,-0.5848603027011254,-1.0,-0.6202498947459658,0.07878990626617768,-1.0,3.9572792439187876
-0.9979513925213632,0.5947850050601706,-0.709712997192751,-0.7397574468778485,0.19304914543303853,0.6731920040296145,3.2828947765726797
0.4092924524162136,0.3654227731390123,0.6148448155986745,0.6717905600984317,-0.44304025723861296,-1.0,3.995364635186566
-1.0,-0.09473492355702828,-0.8330504562527137,-1.0,0.33891089081861586,0.1797094310604661,-0.9944858006602311
0.5700304439008524,0.8654664332298221,-0.8012959192886452,-0.024587225380053368,0.30098786442694925,1.0,6.042637972148116
-0.37024557272815484,-1.0,-0.5388479042008643,-1.0,1.0,-0.5481184281501734,1.5196590152892537
-1.0,-1.0,-1.0,-0.09944237106668652,-0.6273609501428161,0.8586039934151121,-1.6925119952553702
0.7732849743328808,-0.6803725196905037,-0.6988557736311367,-1.0,0.25337014972080696,-0.37654806343719016,-0.5791514842356865
-1.0,-0.4901932497714212,-1.0,-1.0,-1.0,0.662249570523286,0.7254605374641225
-1.0,-1.0,-1.0,-0.281401304877267,1.0,-0.6562072678858777,-0.9352872935442894
0.4985314924280479,-1.0,0.8298955822136809,-0.5280109320473293,-0.1960223099067987,-1.0,7.5662425777218605
1.0,0.7412770973041318,0.8363709825760803,1.0,-0.08854036115565767,-0.8502410130457225,3.6966360829598326
-0.5306022231416021,1.0,0.12555432809274586,1.0,-0.45808954952438086,-1.0,1.9574512460806193
-0.5307365614141184,0.11452686785194044,-1.0,-1.0,-0.5614342257838428,0.963816002647948,5.580591546672932
0.514434587700386,1.0,0.938586086018253,-0.2541560358110906,1.0,-1.0,-2.669472611135659
1.0,1.0,0.8143494747620312,0.6902869824985853,-0.7149218616629053,0.9721700202301877,1.954382599983497
-0.8120790271398193,0.5995209677349355,1.0,0.7781180514260757,1.0,1.0,-1.9427718125020024
-0.2265696611262924,-1.0,1.0,-0.36963880601388177,-1.0,-0.5111030082534558,4.208960602025753
-0.8610620322884691,-0.02401991188617114,0.7413436830117844,0.8623246996929589,-0.08007566670254607,-0.5048798481039112,0.45625226625817533
1.0,-0.46886466830930934,0.5816592677865995,0.2645998837643455,-1.0,0.00349605954711818,3.9637820320602764
0.9072634105119899,1.0,0.1481849305787043,0.26222048673952636,-0.626267197029951,-0.378902596627105,1.108560648496034
-0.4225627593396687,-1.0,-1.0,-0.6090304908727842,-1.0,-0.47049409723621693,-0.9953506726015947
1.0,0.3717385583639074,0.6459183754938913,0.4508425215273248,1.0,1.0,-2.67551392889518
1.0,1.0,0.2354084596048106,1.0,-0.010803821111497358,-0.21956438980580337,1.8168053294631985
0.4275796880204772,0.899473951206454,1.0,0.21864154971421002,-0.2904965578856086,-0.15394392107419247,-1.1375724657557358
1.0,0.29553073896701176,0.6115615971635986,0.12973302438743894,-1.0,0.22782818372192437,2.7783489962341124
1.0,0.04660468194187728,0.7872944311173196,1.0,0.6821597939298836,-1.0,-0.25906446918529435
0.5468160043139887,-1.0,-0.5031142405021478,-0.07932972829685359,0.7882549160351515,-0.12211137678126938,-2.114630307215213
1.0,0.19749363424312583,0.702877311628857,0.5920458124372866,-1.0,0.23408867470078265,3.362368244532985
0.2991028862056776,1.0,-0.42285457977271784,-0.0034372228145460593,1.0,1.0,8.074177392970382
1.0,-0.5730350336813923,0.7632626601720343,-0.8995262238275419,0.6146793805849706,-0.41476187870351683,0.3587366603533915
0.8014043140686189,0.7180377448370108,0.05464282220950789,-0.05872591003243005,-1.0,-0.47588296342541225,2.2352280903015984
1.0,1.0,0.8698783668821258,0.7482435361789297,-0.6828032399429309,-0.5995795865729407,3.6928692648182673
0.73661174325722,1.0,0.8555741710668221,0.39078518090639247,0.534465103455903,0.5612340697909808,-3.3054630178761064
0.16135614031039636,-0.11091910115660208,-1.0,-0.49723008338594976,-0.6689407896740877,-0.6614593108844913,-0.11925302545963246
1.0,0.22814920103219816,1.0,1.0,-0.3618646811505669,-1.0,5.2480323642187345
0.029955154881842305,0.4188431098503552,0.35367900183525636,0.7621820329994085,0.6770625458493322,-0.7863445354222429,1.2894683912838791
1.0,0.10375770005659235,0.836680468848616,0.6180874057388297,-0.2890233420984949,-1.0,5.986960690338289
-1.0,0.6575815573077971,-0.032666645844194375,0.7628173772576411,-1.0,-0.46702719604850795,-2.2968958845377934
-0.2990409777658043,-0.8490140332846214,-0.012945421939829949,-1.0,0.25541568416132765,-1.0,5.040274134996113
0.20593231255848743,-0.5863608617959406,0.2625721278859349,-0.6396008510315894,-0.49345994695154727,-0.1238763254600248,0.5035799931392894
1.0,-0.6331159986503658,-0.729636084574355,-1.0,0.9268069819328962,-1.0,1.2269793213383005
-1.0,-0.08323601856240326,-0.34083307112436834,-0.6580396608002834,1.0,1.0,7.380079030661637
0.7673208468837933,-0.03863938797659905,0.940376410709101,1.0,1.0,1.0,-4.1395126483975355
0.2838936386167453,-0.4561341115717788,-0.07752202115947326,-0.5495813364674854,0.9459295975710991,0.4698715537104896,-0.6152124588436743
-0.4051858147437154,0.9815212068128198,0.8891058825243089,-0.05208008454016788,0.3163434937118975,0.6606480296496557,-1.5999364509181648
-1.0,-0.8954329949265999,-0.8388910234598372,-0.27831767572018695,0.19808959760571432,-0.09711583986344428,-2.9330030310984245
0.5866766120271192,0.39570777446359817,1.0,1.0,0.7061153670152013,1.0,-4.214142647201527
1.0,1.0,0.24362754084852778,0.05542124584638475,0.724636031278136,-1.0,0.29196045739363397
-0.34744328753109777,-1.0,0.6787316304959876,0.2295953042431993,-0.5114347155768135,0.15063362501428712,1.39323988847194
0.6302783367076803,-1.0,-0.008635007207244083,-1.0,-0.21253089286667648,-0.4097169937266591,3.4318453764196057
0.03971889860631768,1.0,0.5684883849823703,-1.0,-0.4879588238534421,-1.0,-0.32666148598565836
-1.0,-1.0,-1.0,-1.0,-1.0,-0.87943367823618,2.798793649982487
0.6361569568780605,0.5566102343520339,1.0,0.3680762005571509,-0.002621297816744139,0.5312237970839155,-1.6940578797211572
-1.0,-1.0,0.5558514939230446,-0.2817636133217035,1.0,-0.7309497275168855,6.620938091151526
0.2603571200100119,-0.2533908970725961,0.7321172988392899,0.19244567903433407,-0.2467143175609844,1.0,0.6222018738045101
-0.6029886327078772,0.5246997256910164,0.12421779519236309,0.8037141238243491,-0.24816565124470347,-1.0,2.3581746472391085
-0.541864698838751,-0.2634627047101019,0.007135654350935175,0.04444656841450767,-1.0,-1.0,0.44624524304201807
-0.9683626521148082,-1.0,0.21271343645281146,-1.0,-1.0,-0.7133194873508837,5.804072109528529
1.0,0.9825940687602146,-0.3753463848284828,0.6349875669042832,-0.8449563080666208,-0.10017719244479259,4.387144355083133
0.39684464333839853,1.0,1.0,0.37022250840039983,0.6427134055459844,1.0,-2.9573220976384498
0.9888932974851954,1.0,0.17821242764028,1.0,0.6532366534150198,0.9516094022192889,-0.08494914632970818
-1.0,-0.6703399011730142,-0.9458081650910222,-1.0,0.5117807030696216,-0.329649824985073,-2.52962806955771
-1.0,-0.6451542689078128,-0.7328683669360838,-0.23072167546848132,-0.10749890240511117,-0.2986325291366302,-1.234329952492713
-1.0,-0.6420449148052686,0.4059977508855447,-1.0,-0.511981285270683,-1.0,3.523964827777704
-1.0,-0.8570891205647277,0.7404095141314457,-0.4651023079549176,-1.0,-0.3212946078423644,0.33195804010600183
0.1197416447786458,1.0,0.353961083559569,0.1420539597940045,-1.0,-0.8606036037865579,1.3000850180838048
-0.7199727781030638,-1.0,-0.41091090611334924,0.6969102669874303,-1.0,0.19602826571893617,-2.2604354632300323
-0.3110212499960535,-0.3862820935905191,-0.3375239612892402,-1.0,-0.03772169490729882,-0.10515144407217192,0.26017347826259346
-0.8398203402439697,0.7516286517716148,-0.05128347512358755,-0.7546233297480998,1.0,0.2410350144672293,4.503761700970134
-0.10614031208510166,-0.9274702121745622,-1.0,0.44197399012330496,0.18857767760172983,-0.028758612665011563,-3.4325501379331693
-0.4724181250559576,-1.0,-1.0,-0.9927150051171245,-0.8161917194046101,-0.8456150956576897,2.2046474660348894
-1.0,0.7611715558071108,1.0,-0.674857876249809,-0.1287057556361122,-0.3203316813649888,-2.791092703993379
0.3172568592989182,1.0,0.07804752796881087,-0.3440992193811286,-0.5511311925122055,-1.0,1.6236210082837932
-0.9371096620147092,-0.42943261160955193,-0.8460342372101073,-1.0,-0.48497290669432647,0.5614148702822532,0.6711294953113431
1.0,1.0,1.0,0.5909153018917073,-0.26861088655729426,-0.003194771983937361,-0.5169874053142245
-1.0,0.5566912785271201,-1.0,0.34182735108740514,-0.7269631231875644,-1.0,5.139533129255275
0.7607640868600678,1.0,-1.0,-0.9827056983176068,-1.0,-0.7865431415574031,5.750892320081762
-1.0,-1.0,-1.0,-1.0,-0.7642346794958715,-1.0,4.0294130476602135
-0.36750809055405687,-0.8154865664259858,0.6239572264337935,-0.177266797178882,0.8247676381714065,-0.5537162973603525,3.5103370705544257
0.3251459594808386,-0.9438310905876903,1.0,1.0,0.12667462722433676,1.0,-0.715265572577142
1.0,0.21139825751203767,1.0,0.44049713688584013,-0.4743538762506926,0.1450287624699853,2.270481664098408
-1.0,-1.0,-0.41521949069612285,0.3148680385591445,-0.5859231649225087,-1.0,-0.14529181718517048
-1.0,-0.234559988933096,0.07819060667670896,-0.35037895274361475,1.0,1.0,4.488083624627347
-1.0,-0.5035360206719754,-0.1485714752615528,-1.0,-0.3339190628013585,-0.38462078988656007,0.15896034170450124
0.1634400448078155,1.0,0.16090101547795244,-0.0728959733641058,-0.16922638635008502,0.6935589858348513,2.3991280682325993
-1.0,-1.0,-1.0,-1.0,-1.0,-1.0,4.760581541510794
0.772166476664673,0.5213383429031757,0.22123839618095809,-0.21355087618101987,-1.0,0.2853581505125711,1.5028317511891052
0.9577350764115616,1.0,-0.8910024999029249,1.0,-0.3819770853478043,-0.6946917743660909,5.8332793077624805
1.0,1.0,0.7313354424551375,1.0,-0.6417851994672872,-0.4377024904171011,4.177514029413971
0.9016167001879697,0.17196820944153013,-0.6278352353885226,0.3713573094995052,-0.48948740891975356,-0.25541471616533235,1.3394088089679628
0.700519432896304,-0.2890823242090639,0.2867117526786516,0.47033684272066906,1.0,1.0,0.8962928046477967
-1.0,0.46891348648737424,-1.0,-1.0,-1.0,-0.20500009541768205,-2.272307901513557
1.0,0.5675587899840475,1.0,0.2544414533254775,0.9638159669775503,0.3672148915368032,-4.249635436549778
0.5814758803207314,0.10329495063867222,1.0,0.6506079533516036,0.36860782195522857,-1.0,0.5720837687002919
-0.6378231009050757,0.13111377590221995,0.05289179559988798,0.746289376764946,-0.36326622290618865,-1.0,2.1986767991472966
-0.914044539120057,-0.44454157149747336,0.06752520071212365,-0.577298273916302,-0.25783382130041765,0.34679407454254496,-0.5134271152192705
1.0,0.2804762502316718,0.7484296842775146,0.9977400438002755,-0.5428700092640386,0.8757427286900651,0.6171470554079698
-0.5963902647775372,-0.9154079217050364,-1.0,-0.9218952501454278,0.5075166282936513,0.32335321079746726,-4.982595219782565
-0.8782605326665123,-0.5895642916626093,-1.0,-1.0,0.1786602994477794,0.5069753286486314,-1.880934893051107
-0.45176673670800827,-0.45103807636634174,-0.40077090317212527,-0.8159737098028972,-0.05926011968699574,1.0,0.9114062642490091
-1.0,0.24454532070159163,-0.6038348677562777,-1.0,1.0,0.11834153971615424,3.677783253479541
-0.6858747772245631,0.05411619825374158,-0.46098761132284477,0.011144290142568458,0.22439078945871277,-1.0,3.2930297215681694
-0.5248509577425972,0.13025995303709867,0.23005943443006505,-0.2703618692245925,1.0,0.3001901832698305,2.3339605035112014
-0.13809611060907934,-0.9218323708485239,-0.11022637369752986,-0.6846173515407667,-0.8223127836127031,0.6377625713802377,1.554211851786563
0.47795937325223276,-0.6534971526966997,-0.6261315009406554,-1.0,-0.23174022643655212,-1.0,4.28946346032869
0.9622525810084261,-0.6231648476158049,1.0,1.0,1.0,1.0,-5.451298605985248
0.07831141377527484,0.3473624113073379,-1.0,-0.07072288141419736,0.5782722011023766,0.10539395919771344,-0.3495004384468419
0.6205556298409467,1.0,-0.45663341355270315,0.060378577127718436,-1.0,-0.8013407229925287,3.2263994156170765
0.9352970391574713,0.26970349766072577,-0.9476681821179589,0.2634965848137629,-0.1604028198499896,-0.19185076143004687,0.28944809216713346
-1.0,-1.0,1.0,0.5852049726504063,-0.9588567926872894,-0.9892987946891764,0.6664778337403607
-1.0,-1.0,-0.6664828623487228,-0.1662161445880378,-0.1659139849768689,0.3399475490395021,-2.9483619749039507
-0.21015527397287492,-0.05752907447823152,-1.0,-0.022769736666129692,1.0,0.9807122233452452,6.551734270490051
-0.5225801795187943,-0.8831481693850147,-0.22573533344502983,-0.7998019223244928,1.0,1.0,2.8277160724908015
-0.11015597667888932,-0.845406398942458,0.6413528912895918,-0.07842913463578921,0.017017677792725755,0.027525916417687313,0.6712786896604961
1.0,0.18449690431251792,1.0,-0.27446571806921527,-0.37301227975643036,-0.18735112602581228,2.7184213988072985
0.047006503419936396,1.0,0.5192614620206417,1.0,0.6770692525557737,-0.644062018647675,-2.033347322553558
0.9146073149763214,1.0,0.9446566967357475,0.0021466003256780386,-1.0,-1.0,4.072672440661517
1.0,1.0,0.6929269711847921,1.0,-1.0,0.2961974167496572,3.7306894080472937
-0.15306568876886195,-1.0,-0.36157577821949216,0.25544183145388105,-0.7193201867727008,0.4393139243549684,-0.8241463625009955
-0.3150853692705873,-0.4641134720308007,-1.0,-1.0,0.9202381187444191,-0.16507489149419138,-1.4470769351238966
1.0,0.35183146676508215,-0.06895189584967976,0.46466248697403545,-1.0,-0.07336192768589822,3.515889022273146
0.4012313042592025,0.38701250570230694,0.26896958874281746,-0.3037307334002656,0.637749992522677,0.38718052671251935,0.08143291814868497
-1.0,-0.5577602753421551,-0.7110040680691427,-1.0,-1.0,-0.2952645107187186,0.07045232627260192
0.5133589674003847,0.4096370250170782,-1.0,-0.5167102784623864,-1.0,-0.25809611014295863,0.9591553884788067
0.0352202183095533,1.0,1.0,0.3851013773743536,-0.8595942468400911,-0.2428387107608344,-3.094873453711824
0.6005598378422552,-0.23796444203813344,-0.012317203499622134,1.0,-0.6495261072720022,-0.19880264182962837,1.8663210605499883
0.19232720155105776,0.5527936208811819,1.0,1.0,1.0,0.3146455070501269,-3.512226547149579
-0.5758465671653288,0.6034954043006668,-0.20009839651772116,-0.9219619153213415,0.7253871526310416,0.25610882382828737,3.0765647722969978
0.26509093413668844,0.010899848084338637,0.460753324501494,-0.4042905768779828,1.0,0.43599075657024633,-1.1589395270342924
-0.6820263138869354,-0.867045775117179,-0.8528335058759173,-0.4693273117930967,-1.0,-0.7092319697779084,-0.045708993777479334
1.0,0.3392531238892802,0.2543639208813623,0.32022077083833966,-0.23504322006911316,-1.0,6.11922671163463
-0.1547205652655677,-0.07861228189474077,-0.47266889746660573,1.0,-0.5040795997095011,-1.0,2.6911482878294466
1.0,0.7416444895768064,1.0,1.0,-0.11643523703930761,0.27667552483710217,-1.7756874332505974
0.621282589067027,1.0,-0.0057005125787744915,-1.0,-1.0,-0.024504948708275576,6.992370225806548
0.23189335637799752,0.7671507235767799,1.0,1.0,-1.0,-1.0,3.8341178472459045
1.0,1.0,0.8984049342901719,-0.1424292747942043,-0.6006064985028402,0.11611643707451247,-0.31621661940397655
-0.660186123626956,-1.0,-1.0,-1.0,0.3288855390618692,0.9060673267712985,-3.555395533017401
0.7485065363254788,0.6172644335971988,1.0,0.021823067458225043,-1.0,-1.0,3.6541925530106596
-0.010832789146128508,-0.8045696239132012,-0.03672940149363324,-0.779853347076735,0.7339991958359946,-0.5801869995039834,1.640065399740042
0.33637555342499226,0.9469630425808502,-0.487284650348507,-0.2708520392592872,-0.14885216050530364,-0.8594334056844761,1.7766105714792073
0.43197284812371706,0.643874298976581,0.389129306782767,0.13911211773585774,1.0,0.4240351891185289,-0.2834180567913399
1.0,0.302244085941747,-0.22187966218652333,1.0,-0.20939116932021282,-0.30758814533648643,0.9241801179940927
0.13607433768507898,0.6752282222603943,0.6292308817100875,-0.12179609841754852,1.0,0.8591151838200586,1.3087016125632225
-1.0,0.11967259511360592,0.377786137616243,0.16621318211438146,1.0,0.7510047187860047,2.6930860801606307
-1.0,0.4520548296159201,-1.0,-0.7224154509122822,-1.0,-1.0,0.9754270552522692
0.042065830892245915,0.6425651369635724,-0.1145314907730075,0.6712699170836101,-0.5910964228639736,-1.0,3.4770904598119445
0.1660244517291684,-0.08936152380147105,-0.22559304783024398,0.7361185499218008,-0.05799492990680377,0.05779697719016719,0.4658723524017183
0.9046507486006008,1.0,0.8576620497527363,0.5393843708828661,0.8578275434192533,1.0,-5.177326193073419
0.203475976346855,0.8392491204012346,1.0,1.0,-0.6213305091962338,-0.16169559781528375,-0.43330140741684875
0.9868450734986736,1.0,0.3459878160060006,1.0,0.1582649443275701,0.5663270519283485,-1.635839802169677
0.6223083277956398,-0.38313468631610215,-0.7687012045572532,-0.037486237145247264,-0.8294877552020921,-0.5950476000270696,3.4421682712270103
-0.7757933278469794,-0.3227091482771691,-0.3675428081361386,-1.0,1.0,-0.7416230154419963,6.932385571388998
-1.0,-0.48744357299601515,-0.018863625295746256,-0.6476826837777023,-1.0,-1.0,-0.5551817749202526
1.0,0.8811720530520437,0.6748917669987682,0.187968797016288,0.3259189227469532,0.6492643201161633,-2.6284373867734985
-0.9039635330517996,-0.5328568378701573,-1.0,-1.0,-0.4198339590562252,0.050490443888129344,-2.856756990560043
0.12504967356304297,0.4067769055216556,0.7372889098385216,0.06881390040684837,0.9775300925074915,1.0,1.5797908944174333
-0.4236593164861684,-0.8702815674082682,-0.6381603153468547,-1.0,0.9360681827725478,0.9108885898200176,1.748099220799394
-1.0,-0.7480984240020361,-1.0,-0.21342423259415721,1.0,-0.6473054860015467,-0.943223520083037
-1.0,-1.0,-0.5739028389355327,-0.09746322066162838,-0.6792610771913296,-0.5088590447752075,-1.8484868344577305
0.07161960109285181,-1.0,-1.0,-0.320098668131588,-1.0,0.4020843245636035,-0.5213769960029533
0.03982555586085579,-1.0,0.7899818433112653,0.7426053380525639,-0.5057105802764452,-0.02708293542169049,2.029851361247087
-0.7490671366510548,-1.0,-0.19660628049369389,-0.84516987085222,-0.5053371121108414,-0.2896964685169357,-0.04456422919197034
-1.0,-1.0,-1.0,-1.0,0.804937747125531,0.7590941858057803,-4.921500320454118
-0.9496791321769589,-0.527519447325485,-0.2902273504357601,-1.0,-0.09682705999371655,-0.601066322056725,0.7082657715746131
-0.8940889645846916,-1.0,-0.4164395905578804,-0.9268170253359128,0.3429386670534197,-0.11258879890120088,-2.0454667073497412
0.1337686864935792,1.0,1.0,1.0,0.12365631185228776,0.7902012307477837,-5.244613953970549
0.29048006616726774,0.831786800832794,0.8675613064281548,0.28123814614391485,0.084709858597807,0.4928387878175873,-1.2404635669156607
0.24311852877871204,0.08652808363870312,0.2483956958692646,1.0,-0.17951133053826762,-1.0,2.655329573361193
-0.024287280286354712,0.29657570693789403,-1.0,-1.0,0.41330965543182785,0.9771297750370429,6.621641240490066
-1.0,-1.0,-1.0,-1.0,1.0,0.7295824475151726,-5.698223133852599
1.0,-0.2563363465783155,0.6330383883686488,1.0,0.9972457372162187,0.765552896004075,-3.747978123922399
0.8144079677524041,-0.32659156914809123,0.46697983656687536,-0.3233251335197338,1.0,0.9039210873212046,-1.8138781011190088
0.4437797890823165,0.3395384525538747,0.35802124667819607,1.0,-0.6811453028963638,-0.2892903222812172,1.5903087960035394
0.9764974599738186,1.0,0.5933080646573586,0.7110339134593481,0.09926817286440298,1.0,-1.0440921589094507
-1.0,0.9324097632583006,0.3358272833594323,0.7418811275279831,1.0,0.24030548383300393,1.3731175393929738
-0.7944166374742375,-0.2869547697421546,-0.10465241434563799,0.23178825451150925,-1.0,-0.16916220806303472,-1.7978561068486623
0.1370706576644562,1.0,-0.39689217739713234,1.0,-0.8939652631261428,-0.3746985228653972,4.309782007417977
-0.7279748448159431,0.42318521252713504,0.8194285347677719,-0.7361422317738124,-0.44190021176349115,0.1613166096537118,-1.6571869058752244
-0.2562470150275329,0.20235720609033447,-1.0,-0.5581016498713613,1.0,0.9153389896486998,7.284891976346401
-1.0,-0.757427537319882,0.5447864648336009,1.0,1.0,-0.11308054114127754,1.1541536454611623
0.5372315613683905,0.20915411268563133,-0.4766155584740057,-0.6277949454245696,0.5001726324531078,-0.34536749873292805,-1.2969816086090473
0.8125798299792488,0.05948347865359227,1.0,1.0,0.000517713191779845,1.0,-2.87605516268137
-0.008148859620312532,-0.30279331268221354,-0.6726272986194555,1.0,-0.2999523427911932,0.42578073299220953,0.2786351103332789
0.16852323216836018,1.0,0.1858045990348948,0.5819292729805298,0.9124047790628413,0.2224080981684795,-0.803407588682961
0.6679036514668782,0.9824732173532271,0.5858498962319306,-0.5319313087043558,1.0,-0.538417823127699,-2.112759856943639
0.07927012092042854,-0.9658839358486613,-0.6563332428544231,0.16351785707203503,1.0,1.0,3.0468467706091884
-1.0,-1.0,-0.627668167212728,-0.030408112689419127,-0.7348305129903894,-0.6331197904658695,-2.1188423200586266
1.0,1.0,1.0,0.8849959396607765,0.9419126703259318,-0.7538622397284223,-5.8798259934257
0.14581414942620907,-1.0,1.0,0.24852749319654105,1.0,-0.4630822184849552,2.908351487902389
0.5975112743817277,0.12984205934053694,-0.281298566805032,0.4198127267405927,-0.38718251522272373,-1.0,3.8004223277229654
0.010221650814863259,0.07856348552164544,-0.22891288308316554,1.0,0.6251813230243923,0.23816116992834968,1.1645854449407504
0.05821675554174832,0.10121638022277657,0.017263868086526468,0.7786391705424085,-0.02601248355792793,-0.869238276507573,2.5462429563085824
-0.20386661847665433,0.09924924288493647,0.7220963699051495,-0.18797365860095275,-1.0,-0.6851116289201789,0.35514983434651204
0.222924861397525,1.0,1.0,0.7380956575463005,-0.5579845889560182,-0.303267910115411,-0.7551157748314631
0.4991038594861461,0.6667505478074431,1.0,0.16208019171605026,1.0,0.7491428639722131,-2.481887682274803
1.0,0.955752235275741,0.4113502906863862,0.6314035262930179,1.0,-0.2945638939233757,-3.001700015552147
0.4055924208930899,-1.0,-0.032291364743635365,0.6078854930999091,-1.0,-0.6482454401140979,4.754445102612102
1.0,0.21956356239206576,0.3618973475756675,0.27244207039341917,1.0,0.5223785392172378,-3.287836734209248
-0.30474361551502427,0.11354786065184469,-0.136210964773809,-1.0,0.5642729683431662,0.008147088380260792,1.104854046447744
0.9694710694796657,1.0,1.0,-0.19127294299179218,-1.0,-0.20273460087640638,2.334676904494321
1.0,1.0,0.4820257845647782,0.275124696609124,-0.34159531174647495,-0.5122761852811439,0.803552189784984
1.0,0.8581458827330286,1.0,0.9886466283885391,0.05851264228387465,0.011622869550329096,-2.397868276055396
0.4930238812664743,-1.0,-1.0,-0.06026686040678175,-0.9200729983841258,-1.0,2.479178663070076
-0.3812942506709846,0.20126057782726048,1.0,0.31333645270786464,-0.4771304356578808,0.24076716574762583,-1.3443316678018844
0.7489364664753626,1.0,1.0,0.1670585423893748,-0.1846531408515495,1.0,-3.5252366771711032
-0.035740330222395755,0.9557413601453344,0.5300085184568034,-0.009632452762266513,0.4041797290746922,-0.3527217124094281,-1.6905470794832218
-1.0,-1.0,-1.0,-0.2558231459564361,0.8729656066662836,-0.6015761381551441,-2.1263229270963073
-0.9526962975866122,0.19372267153810208,-0.5290440007329295,0.5702111985961752,-0.8624175231290133,-0.6168432363358778,-1.2791738302180677
-1.0,-0.6166126118461845,-0.33827220210385633,0.6714279941493846,1.0,1.0,7.8685030858169265
-0.10505631723622766,0.04945561154090328,-1.0,1.0,0.2938273567397882,-0.680322908068381,-1.2284812578268731
-1.0,-0.059672528784890266,-0.5703545397625778,-0.35317708963656014,-0.2995826732946024,-0.2657445815395042,-1.2505156170303886
-0.2599204722463196,-0.5813396073464081,-0.6557043313148552,0.2758177601538732,-1.0,-1.0,0.6790165063010175
1.0,1.0,-0.07770161309582557,-0.8179043486070545,1.0,0.2871156487733053,0.7260852833133314
-0.4395045491187115,-1.0,-0.48418272432238507,-0.5434423949412945,-0.5580504978814906,0.8813125520749109,-0.9130159256751789
-0.987240563869684,0.04844563962288408,0.2359359303860044,0.7483131003229521,-0.6263849806261916,0.5701052843959433,-1.0494505443990243
0.8199726632592429,0.9747163599823067,0.8995363123719642,-0.10540580395423602,-1.0,-1.0,2.091807200497523
-0.4265795341981936,0.11150070773063928,-0.9803457615360057,-0.5822673727271588,-1.0,-1.0,-0.1750114783998148
1.0,-1.0,1.0,0.7678454760516016,-0.4975747681988846,0.9871735067681608,3.3533688064160136
-0.10413217080193926,0.302510372001591,-0.4351901875893811,0.30173203031641227,-1.0,0.28905625883188224,0.32451545685933375
0.4451638681507404,0.23898605207885767,-0.6878761067332526,-0.37182683999470223,0.5043748151177023,0.12764294170070156,-1.2647799034032021
-0.5807199017581681,0.6088691146145427,1.0,0.0005145195799880486,-1.0,-0.7512872170553295,-2.7297887231542637
0.049648204641298876,0.049949333975305654,-0.3718267809239647,0.2934372891902096,0.3196949934597383,0.44508407476803336,0.10182497174563754
0.3306212801746409,0.6235223054884931,-0.17155554816546326,1.0,-0.4858336676782157,0.7981807006573255,2.1143460258635334
-0.8453008138051087,-1.0,-1.0,-0.362012168706457,-0.6237741131143985,-0.7289000771999938,-1.686912697926482
-0.3043744125772283,0.45242310361903515,0.2721743742006846,-0.6774891877322182,1.0,0.10150957604694533,1.6728979138976723
-0.3167462112307189,0.3171168548348268,-0.0836272559131005,0.4983811454099203,0.719462474053336,1.0,4.226240963721079
1.0,0.25500278871296156,0.44973995391408406,1.0,0.9140343557222348,0.9888033331416992,-1.234932304625417
-0.5294338306694987,0.9791435816403757,1.0,-0.8050542380784667,1.0,-0.2995961078683542,-2.0690886367307666
-0.5873194525664274,-0.6014219500558209,-1.0,-1.0,-0.4968379833721187,0.029313856429782348,-2.4816258680181593
0.23732439227453878,-0.16345260883604407,-1.0,-0.8060064678108126,0.4667062708605472,-1.0,2.2722488532142275
-1.0,-0.6699507389404418,-0.31650604872326804,-0.9023496582557895,-0.026066479706602197,-0.590753636075408,0.35555223601266517
-0.004328947070498551,1.0,1.0,0.9150371549412191,0.09531047198211604,0.5982296774699201,-5.175420752631601
0.2909450290622358,0.9545780863064959,0.8837685100978202,0.5329959547078111,-0.902450724877197,0.4335345232335135,-1.1792783999915566
-0.4871008925106051,-0.22736120437972496,-0.09773710083190507,0.8626074834309612,-0.1945397157837793,-0.04631704553889798,-0.17943779336445528
-0.7402214494993261,-0.6479625224304046,-0.09574598257734679,0.41263040843285365,0.1830227184702226,-0.8822145283098759,2.26794342357107
0.5289697453729647,0.4960835192578924,-0.6185529826346801,0.86947798684898,0.04725790783567385,1.0,4.0878191377044555
-1.0,-1.0,0.1485774251026748,-1.0,-0.3485571650095369,-1.0,4.080506879727226
-0.6619519895205876,-0.20083694447756997,0.4880348191924382,0.1903373243710466,-1.0,-1.0,0.4376603999202634
-1.0,-0.21996012940532061,-0.3113549758810699,-1.0,0.41708785506182955,0.3877425650318137,0.20183146034807087
1.0,0.5956962228932946,-0.22114196239505926,0.9751576258974178,-0.5786847435394773,0.8001292526530188,4.919425083009232
-0.5903429049109046,-0.3431729141104347,0.3440738585633132,-1.0,0.9666796586838873,0.9239363799807018,3.20704147161123
1.0,1.0,-0.5375925392958362,0.13634916227981064,1.0,1.0,2.685031998924358
-0.8875516282345942,1.0,0.9351264107609838,0.3296923790447672,0.20089500830374324,-0.8395469684312625,-0.8925811723145489
-1.0,0.7111421233162254,-1.0,-0.7576390201482328,-1.0,-1.0,0.7717312818650336
1.0,0.838496463312189,0.6798198599790357,1.0,-1.0,-1.0,9.793414305121733
0.27332764536620646,-0.23222725907612188,-0.3730411656742527,-1.0,0.31757639540780824,0.6604131382559382,0.7950134024039306
1.0,1.0,0.4826530352976288,0.3963424115368881,1.0,1.0,-1.9425866322783243
-1.0,-1.0,0.018129677863775673,-1.0,-0.7653701856207294,-0.2789509046402906,2.4009687786424725
0.9692004499536279,0.3491601433971515,1.0,1.0,-0.9132898345024554,-1.0,8.073000083801498
0.01619332963054758,-1.0,-0.30905915815817553,0.46081880653559276,-0.6020047711231853,0.9617500490623594,3.0163769013137203
-0.7011619093007975,-1.0,-0.8336486141502703,-0.24742824490000703,1.0,0.18886828874147693,-2.431927499749126
1.0,-0.4010031373734082,1.0,0.40172076320024575,1.0,0.632537125672566,-5.57935896541047
-0.723721954394076,-1.0,-1.0,-1.0,-0.18139070338719276,-0.0814548467503178,-5.359052621339898
-1.0,0.673624942977828,0.31068628845179264,-1.0,-0.49947568656389274,0.14534234322810316,-1.1304914246023863
-0.2289289647636883,-1.0,-0.1396070856181434,-1.0,-0.8842200541750802,-0.2038791675167756,3.4081576903393103
0.3385639007447567,-1.0,0.9468338017213621,0.6303487241408132,0.9109537869468274,-0.37150301948265424,1.5746138163157166
-0.24618143941002746,0.9256712277379516,0.04275987428120265,-1.0,1.0,0.5443234805650626,5.609017090489115
-0.4188629882138708,0.9645700470713711,0.9362626163938427,1.0,-0.5546644410557182,-0.3239310597984146,-1.7800153563417895
-0.3324015577937146,-0.3091225259944698,0.1357243886171896,0.7040869098281959,0.8087902478467104,1.0,4.771612125380002
0.37693035528852953,-0.554388538870993,-1.0,-0.518333800833662,0.37252856489268876,0.22161557231241824,-0.6512362125096551
-1.0,0.6909846955648439,-1.0,1.0,-0.9067019974182385,-0.23288860482663987,-1.0450788591032072
-0.04840069030067615,0.03420185208860277,0.5845426602998831,-0.5368388149050479,-0.5873355752975,0.5991365187681079,0.5460266972795257
-1.0,-0.22428368561086787,-0.41974253930441874,-0.07549091468638092,0.733916687662059,0.1452054042523504,2.0172393115541247
-0.6707713104424223,0.975923778697239,-0.9580959477650618,-0.49853835919960854,0.15012712242425175,0.9507192365524625,11.534739310255993
-0.5731369156920212,0.28803208681035597,0.7712165513261874,0.13901914188764164,0.7745836813777544,-1.0,3.6737994324818812
0.8083744033662996,-0.41085055590369973,-0.7209175646096482,-0.8079606239103799,-1.0,0.38018481509676094,4.496577154156545
0.41089826767164755,-0.4526155019215026,0.008385277922667675,-0.14190478885085078,-0.6047673548927638,0.24688090835143478,0.2449775763405887
-1.0,-0.9003138501574219,-0.2631973208086793,-1.0,-0.8337402391488961,-1.0,5.218086263430997
0.5751749591328913,-0.07203359374221224,-0.6492293985519602,-0.6471417719600792,1.0,1.0,2.176354171719614
0.44736624672025593,0.3442612281881454,1.0,0.5553990150097805,0.48605720314021295,0.7014541315232482,-1.3592376866800726
-0.9299213703721705,-0.18073281855579215,-0.5766172280909067,-0.35218720610797183,-0.3556645437158106,-0.32468910231608955,-0.32939516317563877
0.523106038579352,-0.0433542433406951,-0.867268127714595,0.09789091311320999,-1.0,-1.0,3.5283163281504044
-0.11804257172070623,0.47018494552212836,1.0,0.5063147889321802,-1.0,-0.8761648993528848,0.34882798482261435
-1.0,0.014457567531416915,-1.0,-0.08777052605687441,-1.0,-0.06999777797041856,-2.506458806018488
-0.24488506630564433,-0.422870632989979,-0.7511186320551115,-1.0,0.8347366361974407,-0.06918368330493718,0.5574586468257918
0.8413888430974972,1.0,1.0,0.155659045857655,1.0,0.7922683949308069,-4.933720647969711
-0.02023059982547462,1.0,0.20461694141935322,0.9149828894562995,1.0,0.604983092291618,1.0758434167184736
-0.8042904065100183,-0.6550477585089889,-0.8849105012421177,-0.42501495118925875,-0.37631275855104906,-0.35990499199892767,-0.12727735851903588
-0.8613548552130588,-1.0,-1.0,-1.0,1.0,1.0,-0.7949886364895268
0.8856250902969275,1.0,0.20648941767032403,1.0,1.0,1.0,-0.2890879217992949
0.3666875417837615,-0.47905939728369273,0.45083878762229634,0.08284107727995194,0.9498958677832606,0.3685225113001829,-1.6754087722069484
-0.18539950319986692,-0.4233767602198653,-0.18822679774246176,-0.7416693274643062,0.16128056706561944,1.0,2.278249093275177
1.0,0.5579710596847497,0.39178654406408187,0.6234291497560395,-0.9669734565715382,0.15461282644954905,3.7001442991201863
0.17089820466754735,0.41435071907593435,-0.034860080116887654,0.7572520119301955,-0.017785312411961574,-1.0,3.53820202347774
-0.15108520913002743,-1.0,-0.7473536898297324,-0.0178577122144421,1.0,1.0,2.518231602713734
-0.7634527232556592,-0.6367691404349052,-0.4074120456807717,-1.0,0.6352266471858108,0.8544085970304667,1.2243806638193098
0.5586844781952267,-0.17421041601309117,1.0,-0.3527743681162987,-1.0,-0.7652989794638919,3.4241886321939705
0.18955423189046305,1.0,0.1998112198784705,0.5277906083493495,-0.5809008186964922,1.0,2.471476595713067
-0.7902763481372141,-0.865648410057116,-1.0,-0.024186899224061115,0.5392246367158748,1.0,5.03840758970921
0.5871630364745324,1.0,0.4102487291347212,0.6691856242509112,-0.5837712234182129,-0.3035808210184077,1.6506765748163628
0.6110071412203628,1.0,0.34194801938147495,1.0,0.15469973524576663,1.0,0.5286361660405243
-0.5859993899583507,-0.4522751087027357,-0.6884631915689914,0.9507940644807322,1.0,-0.7198908433829088,0.3606599308316638
-0.3100879288737457,-1.0,-0.07116634082288376,-0.18338051768815888,0.2677122219610184,0.05695755623562326,-0.3118104956536226
1.0,-0.6733323798424191,1.0,1.0,0.11290758695470815,-1.0,3.1388584949132516
1.0,0.864932854809153,1.0,0.09279717331246728,-0.3951292258794967,0.1544560631246698,0.4234014302138511
0.7985351203103497,0.2779203956149723,0.8579008717164645,0.7904229590189402,-0.10637355567881025,-0.18964365489221124,0.6630989114049544
0.3584347205138514,0.901524632387791,-0.25531207974560255,-0.13519013175107286,-0.14337647364541634,0.07324164701293356,0.16144275274790354
0.6596025239994956,0.22658107246411685,0.46829309884702763,0.9721209788543989,0.12834374013098004,1.0,1.47383291053284
-0.14768732463652462,0.5198510882943288,1.0,0.7133191978372719,-0.3142507839063653,1.0,-2.516485911771567
-1.0,0.12821165132849954,0.9553036388578117,-0.6935147116889987,0.8163772414562434,0.8368188521602473,-1.0979311895117436
0.38630773200249835,0.11206347988255914,0.2283676062476907,0.18089262495652558,-0.11392755962492143,1.0,1.9528790547592227
0.42170569554038106,0.8094692825322563,0.44347193249645533,1.0,-1.0,-1.0,6.817156176587119
-1.0,-0.8367510224789493,-0.6111312662647816,-1.0,0.6064542483928741,0.04011553496875009,-1.4994571012613598
0.1509151072772268,-0.49231633380822093,-0.8703818328042707,-1.0,0.38037853284933243,0.15222599520828406,-2.528869253470372
-0.5258145527579956,-0.02313433439326526,-0.6019735368007707,0.057847988882919255,1.0,1.0,7.1263760080249625
-0.06600246279056174,-0.3343600542818783,0.33411734980910707,-0.009305802344273806,-0.23375824689145686,0.8979042842005771,0.9115634633070829
1.0,1.0,1.0,1.0,-0.5125414861872584,-0.10023730040046591,1.5569745167417348
0.9542468612646173,1.0,1.0,0.7524867253207657,-0.6299408153663025,0.12468718146280361,0.6904348574177651
1.0,0.8704160777370671,0.14586452727316757,0.419561964095726,-1.0,-1.0,7.765229361070201
0.013147754704743775,-1.0,0.06581080336492505,-0.13450887004192058,-0.4162122520023415,-0.1604542985695387,0.6329977866607033
0.046302132865627676,-1.0,-1.0,-0.3731036185728378,-0.8985838216398646,-0.11765922581719535,-1.0162689870282156
-0.6902110476669878,-1.0,-0.6691035873422226,0.5108266583426453,-0.19679097533400558,-1.0,1.857011310069266
0.5091646197180044,0.8020714413633139,1.0,0.16465853093831684,-0.10789298401394398,0.25211780334289446,0.0629660926337472
-0.4758709814164075,-0.40884363327423145,0.5495966905489482,-0.13060425653060403,-0.9798921352020381,-1.0,1.4470734521693756
-0.27301289287255304,-0.8151933611066702,-1.0,-0.6696758038423344,0.9870232903646707,-0.863838107946981,1.2689739611175435
-0.9390128232771809,-0.7047232286035539,-1.0,-1.0,-0.7653282055541032,-0.7137906728941754,1.3696121410911533
-0.0890023694264913,-0.518752510634733,-0.29313264019583474,0.1724857553389305,0.6125130449969275,-0.580594255878624,0.1480220646666326
-0.8295870593406963,-1.0,-0.5604955793714531,-0.8928521436324248,-0.5169905212634673,-0.9865016717297725,2.900673321242604
0.7636206871024611,0.1792254708067127,0.5010698210906042,1.0,0.8822588805740923,0.5882869981615092,-2.1415463892409865
-0.1310401978607918,-0.18336255722238448,0.20974671188294514,-1.0,-1.0,-1.0,3.6629579919470356
-0.05572852131690487,-0.23080980348823893,-0.2261395404566099,-1.0,-0.01405552136078958,0.15436919983311054,-0.6909631962628359
-0.7481567463111211,-1.0,1.0,0.21493910482701128,-0.4048375061416304,0.6120191633999716,-0.2648916793709709
1.0,0.8290009848243667,-0.7758046495811153,0.16765845328401485,-0.2642982732593874,-0.9806646433831621,3.893592628196561
-0.21239973355382147,-1.0,-0.1262479738764264,-0.5116035581675817,0.2580369064773822,0.3820255324717464,-0.29348144367598683
-0.01438906707731899,1.0,-0.2702526834918171,-1.0,-0.6008708896864973,-0.3366019805184241,0.8011009819218241
0.2896647621756603,0.4278215016438279,-0.39454838154361654,1.0,0.8918297904730612,1.0,4.230958307656501
-0.4579412311334037,0.0211218532121884,0.01623025128630834,1.0,0.7841346300451832,0.38722764705553986,1.8785478376403788
1.0,1.0,0.37959464791642006,1.0,-0.3562250255566777,-1.0,8.222687914585633
0.33120502100082716,1.0,-0.635777647359498,-0.6547042018726784,-0.871619184404165,-1.0,2.1948627635973006
-1.0,-1.0,-1.0,-0.6319484902284933,-0.8491020326124962,-0.2762346014615823,-4.448589808603084
-0.631157167880371,0.9418906970322205,-0.3432212818537058,1.0,-0.9718243153694925,-0.23877143517802302,1.0388153125864692
-1.0,-1.0,-1.0,-1.0,0.7499858432304854,-0.14225098132310404,-7.102093975139551
-1.0,-1.0,1.0,-0.582570324094614,-0.8649906574943096,-0.6974374716586038,4.3185230650738475
0.8452431446013757,0.30697088417927026,0.3309454351618943,1.0,-1.0,-0.3430987320717389,3.9015311478913146
0.028975379478767105,0.2018263836738058,0.33329599230384166,-0.4353049030286974,1.0,1.0,4.107593841277518
-0.5790944545796433,-1.0,-1.0,-1.0,-1.0,-0.7423270781332885,3.212341638386534
0.7604876973487468,-1.0,-0.472860889514737,-1.0,-0.39547521467354474,-1.0,7.846540480464079
0.6843051434322142,0.16491834822521434,1.0,1.0,-1.0,0.728562025500072,0.18457045411369893
1.0,0.3448611953067076,0.5031172545575949,-0.7853377870062186,0.46424825003316067,-1.0,2.4420372293328554
-0.7875478603512278,0.7291183522832569,-0.6651066434769484,0.23525905206718847,0.8262821013100055,1.0,8.331385996243576
0.6893324927790558,-0.37890366178011464,-0.11957395363396983,0.5683398952750082,0.2496752021364333,0.63767283136615,0.28928260573580955
-1.0,-1.0,-1.0,-1.0,1.0,1.0,-1.655801415731389
0.16720723711889907,0.7743959350842566,0.8946950698039027,0.598691981361998,-0.7600548688480971,0.7709831624218716,-1.6662895611940485
-0.5377543762380353,-0.941085109048851,0.10761206120249317,-0.5652979481253612,-0.6149587322928001,0.744430378365379,-1.2328600875164746
0.9432592483092358,-0.1619013636862761,0.8102433850504929,0.2364931393227053,-0.22684584082700998,-0.034486680867558295,0.1690479361213939
-0.5690772647337976,-0.1479480904283813,-0.5734031508495386,0.037038702095860965,-1.0,1.0,2.927440072432411
0.3003031972209631,1.0,1.0,0.21495107944153347,-0.21203982108639363,-1.0,-0.15303625185667313
0.6032314581516005,1.0,0.19091053990032997,0.07502202325059458,-0.9680373854812997,0.47827298894504533,2.1896366236751574
0.9638655533712613,1.0,-0.3663933980783574,-0.8275136788830876,-0.6586776354471424,-0.7269063372459541,5.576133803111997
0.233451632883385,-0.028761719044771095,-0.802038164345255,-1.0,-1.0,-0.4588460919532039,1.1508464976657393
1.0,0.7803186852744948,1.0,0.2762935913148501,-1.0,0.5657290441419582,1.572525545095787
1.0,-0.1580579816964578,0.1284569435021118,-0.07258517577377843,1.0,-0.6511065897766584,-1.6345830388745854
1.0,0.6252918934183209,0.45356265098991333,0.4573460816292305,-1.0,0.16853300182698028,2.324698093455411
-0.034467602509018924,-0.6243658391827982,-0.9201273176425111,-0.7005773766875341,-0.45269150178524087,-0.22491069734616315,-0.37350609474441404
1.0,0.4451337193260104,0.2464401236209096,1.0,-0.803554571783673,-0.047089045810346564,4.168752565473346
-0.1757526209103497,-1.0,-0.03192863016559966,-0.16765742240642445,-0.7322447153560752,-0.7018150801890557,2.9468805826241855
0.10211027707754461,0.08028664696962895,-0.350852970454271,0.49142074073028363,-0.11450976249216827,0.7297400347972842,1.5334270566917971
1.0,1.0,1.0,1.0,1.0,-0.11690232988721405,-7.5809056080169155
-0.6681796814702041,-1.0,-0.6361501846043351,-1.0,1.0,1.0,0.6372645918728146
-1.0,-0.08789884773113296,-0.12897963390094885,0.7050015197406776,0.1436947009670136,-1.0,3.351677423260363
-0.3868447614939699,-1.0,-0.4122942181701067,-1.0,0.2731601509439875,-0.33683261198126213,-0.8132869693475745
0.8018915609712933,0.7429062380621649,-0.16657751847576208,1.0,-0.31621826448736334,0.5518104225494055,2.708473497205947
0.4287076250100623,0.7088510617720495,1.0,0.09760570102028399,-0.01709196965440074,-0.8050814921820069,0.3854979416825953
0.04909420244008267,0.44365493911023857,0.22774976000413816,0.5442314422751668,0.1381544996259143,-0.7002957717734716,1.7165299949489057
-1.0,-0.5807766972012038,-0.39738506442998645,-0.9586348000510376,0.9462512215248517,-0.05512979947341412,2.37691971124612
1.0,-0.8570214054835221,0.8146514470461252,0.9167279773410721,0.05001122632449754,-1.0,5.990959445465419
-0.11255103151343923,0.40357798537636624,1.0,0.38990428398678195,-0.48347989332217756,-1.0,0.9759250425567149
0.07069418796113702,-0.1001955280335417,0.11654696358883143,0.20387015028559596,-0.16413942678876614,0.883208958057804,2.0228255527076384
0.18991040177089116,0.5498496481690749,-1.0,0.47380438610603526,-0.28661696791003094,-1.0,3.0797371903463073
-0.23983144375375676,-0.7230941848114395,-1.0,-1.0,-0.25057591873333196,0.16463177755893568,-1.4663097944163734
-0.07583973335215669,0.9209708071424503,0.9762967742631934,1.0,1.0,0.9036727303009715,-5.554266081775014
0.4454473191426692,-0.6453251791102147,-0.18130592080538221,-1.0,-0.48038493182911257,0.2012960218110461,1.5916191025510653
-0.4913051492847854,-0.40403015061170255,-0.2478753602687993,0.30936645464374996,-1.0,0.09246654454164593,-1.5190006602443167
-1.0,-1.0,-1.0,0.295596705566308,0.6788381666771234,1.0,4.243100734687502
1.0,-0.5183814336300043,-0.350842071618908,0.8733256559120801,0.6512346228347026,-1.0,0.514849449620737
1.0,0.838454444444408,-0.8710820471792695,0.5206364589321351,0.4981711245719235,1.0,2.476462450118315
1.0,1.0,1.0,0.5546222674693464,-0.42223581558786527,1.0,-1.6381776818113962
0.8326596186363832,-0.8327114786583516,-0.11314963933792566,0.8965779918153667,-0.463297895563594,-0.16917936912559695,2.3412137314825316
1.0,1.0,-0.8541476097900628,0.19839689889378254,1.0,0.17917185988240059,-1.1887174698120946
0.5475484705108788,0.2745479655764991,1.0,0.3054300603279416,0.2586861591972397,-1.0,2.431696701596995
1.0,0.5979202585073491,-0.4472749325310469,0.70097960403259,0.6104790924985257,0.09823439587742844,-1.926207210620695
0.8915565488546993,0.2776867562982554,1.0,0.9019624967870901,-0.677087261957789,-1.0,5.978644943858162
1.0,1.0,1.0,0.709475421407544,0.12272228853274791,1.0,-5.650752882347586
0.3064022711978744,-0.17000524119845606,-0.4889036669355395,-0.5096971444734713,0.3530964386235034,0.026780666153666477,-0.7171448621751697
0.7151962147997253,1.0,0.44191508934000945,1.0,1.0,0.4003463228321067,-3.559530856248742
-1.0,-1.0,-0.20856116663956126,-0.8239659077372852,-0.5336749048178294,0.6616583223006398,-3.0596189876874607
0.6944583745370649,1.0,-0.4016283231481433,-0.4093229167493885,-1.0,-0.9285579584367689,4.570789688986215
0.05850578451491961,-0.34337036446043534,-1.0,-0.5285194385592662,-1.0,-1.0,2.5327804021496756
1.0,1.0,1.0,0.0019410503732566475,0.8251006637070071,1.0,-4.804729860295174
1.0,-0.3728473138275087,1.0,0.9853618509764444,0.46232356289478904,-0.4471932273496345,-1.9231013330666678
1.0,0.7528503588208832,1.0,0.18329886569132314,0.9837448643863431,-0.22364611070673734,-3.6213209007464915
-1.0,-1.0,-1.0,-1.0,-0.3532035289695763,-0.9789055369994057,3.635468941973297
1.0,1.0,0.9353672884548516,1.0,-0.49646229856255397,-0.09216130482423801,2.3269802140479663
1.0,1.0,-0.8788223022282668,-0.11542813331326529,-0.5149658120820988,-1.0,5.800847842788606
-1.0,-0.03556573618603909,-0.7380901554424464,-0.5281334960457416,-0.6367838549744211,-1.0,1.5488492529148128
1.0,1.0,0.8619593570202488,1.0,0.6321909563185543,1.0,-6.869361940348385
0.5479620818130357,0.34653785491152356,0.696710373784563,1.0,1.0,-0.7015054900876355,-0.6884485792877303
-0.3502491250377975,-0.9498709594565258,-0.9967299015784004,-0.4668702309678363,-0.23468580445655357,0.5009757582946427,-2.3562053317721126
0.5333386639763745,0.8166673949246728,-0.19672231740751117,0.009877658120884758,0.3901658884320278,1.0,3.4876658686730524
-1.0,-1.0,-1.0,-0.6114498877877477,-1.0,-0.38169666873043395,-4.126585234540556
-0.6635041875054735,-1.0,-1.0,-0.502354188366627,-1.0,-1.0,2.2578348404916175
-0.6126468363735342,0.9500551055281242,0.39617850479457756,1.0,-0.21624984899275845,-0.869686758463228,1.8520302765260501
-0.32865609772288384,-1.0,-0.08488862101353023,-0.45066618526299096,0.46395578526963666,1.0,0.5374215203388752
1.0,0.9648038390011586,1.0,0.1729937618660875,-1.0,-0.6204636716094434,3.5011103182368277
-0.09474689213322396,-0.6448093020770508,-0.045569760348993515,0.3999061154708837,1.0,-0.22970088712336834,0.9882175300535483
0.7037958749758135,0.9146713078951474,-0.5139166311161172,0.6111410431286325,0.6265299829941362,1.0,2.352586340811544
-0.3933562192542989,0.6247282548317639,-1.0,1.0,0.5080865853936416,-0.08265223085297271,-1.2582050993408866
-0.6751081439004202,1.0,-0.10542015452705739,-1.0,-0.13048646243436113,-0.7269761295437014,-2.3255105257932245
-0.810757884597401,-1.0,-0.9273108112071549,-0.864738628548976,-0.556075799717485,-0.938786348065247,2.0848489259414267
-0.061187078603905154,1.0,0.3177771533082775,0.7079610359696092,1.0,-0.0658784476916181,-0.03558329629123752
0.890754946641424,1.0,0.32548675572287356,1.0,1.0,0.38990146197466347,-4.609418601600655
0.029050113180936643,0.7954810874550872,-0.23130312337175263,-0.9064595785462363,0.5785362786015047,0.6192970477157989,2.3128313865669208
-0.26265194932223035,-0.2485409337985962,1.0,0.5407195117586092,-0.7358882942627292,0.2512576548751916,-2.5999262733055923
0.335995656658298,-0.6849992256859521,-0.26456376037555895,-0.8868499032680355,-0.9005795872488664,1.0,7.199766735050884
-0.38811455969776243,-0.1388781132192598,-1.0,-0.9998188124256515,-0.30880342789645865,-0.1241517528259446,-1.7481744037800806
-0.8295193020382073,0.18059020216726115,1.0,0.3695016020333168,-1.0,-0.014330278386950113,-4.211544354195228
-0.39172350571863535,-0.6702583552361836,-0.09483990174272927,-0.15197580110408127,-0.25686896551154415,-0.2637976850607435,0.15218714051377982
1.0,0.6240839552208028,1.0,0.1611653134119676,-1.0,-0.45466109088437556,4.082571553348298
0.5688351453250705,-1.0,-0.23665297433634647,0.4690011907081069,-0.776670996581077,-0.11643737910031104,1.5805025377913469
0.4710590363872874,-1.0,0.3870560685006321,0.9555136703584006,-1.0,-0.0668606642915233,5.68787720269535
0.5637848712237621,-0.573200280222216,-0.09853672048106416,0.32139460660082975,1.0,1.0,2.2284161095827764
-1.0,1.0,-0.4568516117656116,0.5779796727818682,0.03098511755501443,-1.0,3.9790423722958317
0.6193648928933264,0.7285500687851493,-1.0,-0.6013192874925031,-0.4482259474521634,0.6467327447782135,4.785976264738002
-0.2578559508221143,-0.1595542028435386,-1.0,-1.0,-1.0,-1.0,1.7657769537034007
-0.7390669860137999,0.8918372318157943,1.0,1.0,-0.2614774139832308,-0.6508594880056112,-1.9010379084261917
0.132678870373917,1.0,1.0,1.0,0.6363674020763754,0.20405951518840423,-6.4288613018625504
-0.3506365435258373,0.7622916309565628,-0.24322072241277048,-0.7994794085293973,0.28155866798111584,0.3408715117026988,1.3778179698779212
-1.0,-1.0,0.43153086747336744,-1.0,-0.5587844426262951,-1.0,5.864118434449381
-0.8140639594899521,0.9379322685130926,-0.2748272886541778,-1.0,-0.5696459934829956,0.05151639131436092,0.021613064615856492
-0.4885007571383624,-0.025972892747761267,-0.11446579188283401,-0.6652150339707132,-1.0,-1.0,0.10547794223487394
0.35921616095204917,-0.10685181866824967,-0.9641270686527341,-1.0,-1.0,0.3394785909422029,2.26277987033825
-0.6246343168069611,-1.0,-1.0,-0.09023027511186088,0.1640878577138749,0.37297984548172386,-1.8357331458057147
0.5259006063353794,1.0,-0.39449792429236286,-1.0,0.45480170209659754,1.0,7.122995359171713
0.13323932851337883,-0.29474767510694194,-1.0,-0.22659180217569896,0.2527311297125351,0.1996317021914919,0.7512046102466503
1.0,1.0,0.15644709848682914,0.11307138283423135,1.0,-0.5111214776423687,-1.437207375385905
-1.0,-1.0,-1.0,-0.08318582687894138,-1.0,-0.3209347284589523,-5.575209650818301
0.4073564383165825,0.9588404658934938,0.07986678721277196,-0.37290375398368464,1.0,-0.03609163271992366,0.15874862822180894
-1.0,-0.8166668639109023,-1.0,-1.0,0.15582219525821872,-1.0,2.5497490398183276
1.0,0.07690260354493653,1.0,0.6560295770866296,-0.8528542236708851,0.027169323307161375,3.3506120771559473
-0.8559274586258664,0.10524352809123494,0.2262148453672796,1.0,1.0,0.9666013432886786,6.29079523446772
0.7209511234307728,1.0,-0.8150248624654302,1.0,-1.0,-0.9689996052134532,9.801968370201555
-0.7104733464849708,-0.8053506901017072,-0.22165605884364692,-0.42476355871614624,-0.8525368981056213,-0.6714603339998956,1.1466189910484195
0.40375327760097185,0.12523370038482814,0.3664732229376431,0.41680102097683286,0.0900421464290111,1.0,1.6724751785419114
-1.0,-1.0,-0.48671119983414535,-0.06209928013584204,0.24774028611579713,0.0055697254615412195,-1.7144001838144973
-1.0,-0.18881299887877856,-1.0,-1.0,0.07873788192491649,0.28486974754264266,-1.8243495234134084
-0.23002813179849768,-1.0,-0.24938796893683432,-0.7933818734874767,0.4240567008365326,0.7243119054679075,-1.26252145722388
-1.0,-0.10926383742838974,0.14410371840663028,-0.3825581681848913,0.06901239550213978,1.0,-0.07976314137904139
-0.33071490995556707,-1.0,0.29344440938304,0.021150926019462613,0.7953413414285114,0.46467029954616584,1.5116477317457986
0.41243412390730183,0.5251772599899668,-0.9792599368783506,0.12533601117854365,-0.9326538099634338,-1.0,2.410355912368085
0.7648961214207646,1.0,0.1876513920967896,0.5464070789945603,-0.20864211387772735,0.5269489856809677,-0.14002775407747337
0.21550782196907559,-0.15027886371437338,-0.5901565122284078,0.4000920244254953,-0.5158463518861907,-1.0,2.643696344884355
0.7924248683530386,-0.43341753159877366,-0.6597957070996309,-0.4212167502803393,0.5780054107686186,0.13524011702779065,-0.7209107262447729
0.9510604392411627,-1.0,-0.8362182863444102,0.04881663348436094,-1.0,-1.0,6.882783777035458
0.32723991069151115,-1.0,-1.0,-0.7223548267025556,-0.30175219355645855,-0.8192247208371142,1.3885645874866435
-0.5059113370519445,-0.7702490964620157,0.5628034763007397,-0.22594597172309117,0.7376163661078706,0.006197099476975776,1.7280932946020329
-0.008424960011445881,1.0,1.0,1.0,-0.23371200785849522,-1.0,-0.11711944139022037
1.0,1.0,1.0,1.0,0.9397367294735326,0.32539500216836936,-8.821301291607991
0.7778747993377974,-0.576870106007942,0.1897821820943686,0.16533088921291356,-0.629656839206429,-0.3849351478895444,3.7823034624316767
0.07549980129893308,0.9094817099124726,0.11228041826283304,-0.17655349888207417,0.6168459575874601,0.49015283063401105,2.36534518028704
0.9451885365628484,1.0,0.6784744353139958,1.0,-0.9033410377893681,-0.14961590463739194,4.526879801293289
0.42729628167861866,-1.0,0.3530223670983106,-0.5442184302256446,-0.7968226565053753,-0.7884161554545834,6.445945472673929
-0.9267203993707738,-0.6149294268322254,0.20123460250870784,0.6029171962311675,-0.19644885111664093,-0.4785774202275047,0.6332010959338807
0.4649642743750353,0.17126519250137306,1.0,0.9751360439412583,0.08889832630827238,-0.46633803685995767,0.657911776576857
0.9762007388103517,0.6304906344075043,0.7464789189818033,1.0,0.8440410019695321,0.41192981335575807,-5.018849046646925
0.09735006846559302,-1.0,0.13434505993913542,-0.6830870342274653,-0.3791838177682184,0.36587518210655834,0.2542555622847962
0.030555597298206894,-0.2130121895460162,-1.0,-0.31983460567044797,-0.20377002520427667,1.0,6.249722839862194
0.9362859849508147,0.7819903870627158,0.7676589815916308,0.46150161332426487,0.5623811216663939,1.0,-1.684462696487908
-0.14658457414269477,-0.8123318468045674,1.0,-1.0,0.14213664806012194,-0.4923920057765058,2.1763970490881177
-0.9447476597812013,-1.0,-0.5827867138393727,-0.4135940213454201,0.24890563481207545,1.0,-0.3254195410031526
-1.0,-1.0,0.07308284314390467,-1.0,1.0,-0.7136505232101262,6.795010209279087
-1.0,-1.0,-1.0,-1.0,-0.27122455961219694,1.0,-0.9354894022499182
-1.0,-1.0,0.03989091704647846,-1.0,-0.9754607786149325,-0.08602121340586155,2.9170354553980085
0.4562678000001431,0.027373371884328646,-0.16675099794641618,0.3431731636735319,-1.0,-1.0,4.053889094518377
1.0,1.0,0.16988627998052358,-0.2694915975536853,-0.09987180873958651,0.4785085114984925,0.9619298713404217
1.0,0.08471387688485632,0.05774246282392714,0.9269174472802857,1.0,-0.5749690670220203,-0.6703026850202357
-0.07709607751503234,-1.0,0.2363618261423024,0.42394380528747116,-1.0,-0.07347171283260845,1.833409156632509
0.9137788988436181,0.6457891311601927,0.8447643186684556,-0.7793226898358823,0.22198764982904096,1.0,-1.0250844004358046
-0.5644798394776859,0.28276608074874476,-0.3931632244682213,0.47678502510720483,-1.0,-0.35077605359367836,-1.249913870800996
-1.0,-0.878097544918357,-1.0,-0.3379528589717282,-1.0,-0.959428234563177,0.8411840205391103
1.0,1.0,0.21107975130490897,0.5546246493521982,-0.8921790150046419,-0.7270428197123394,4.409836229493952
-1.0,-0.5889313967488792,-0.276880457792702,-0.048359498972920356,0.8002781972275714,-0.23795088450357582,1.9609799454575165
-1.0,-0.18140582382611092,-0.4932712738422176,-1.0,-0.11388439940083595,-1.0,4.394802895421286
-0.09300439071036681,0.647436051463876,-0.7089632913208452,1.0,0.5620530873803185,0.8038686739815009,3.143141365296463
1.0,1.0,0.3856571667240869,1.0,0.39671459325576125,-0.7948804611426586,2.285663122907049
0.9690629063134371,0.10876481005522348,0.05293296104344841,-0.19076389201073451,-0.28818332813652003,1.0,3.6395738364541015
-0.12654486958575872,-1.0,-1.0,-1.0,-1.0,-1.0,6.1045407901020505
-1.0,-1.0,-0.5195320532230208,-1.0,-0.45774779297840407,0.5835245216369731,-4.330190586290003
-0.6186002895366169,-0.4539510562607764,0.8425663724341497,0.1730940660126605,-0.8979674612656519,-0.5834103491924871,-0.2205333173535653
-0.3573606373357794,-1.0,-0.4700378049439391,-1.0,0.7944287168302948,0.6820781640890969,-2.6424329515755596
-0.6009592369375272,-0.8009090576478883,-1.0,-0.6781215035622321,-0.4850395194658218,0.2980357087692951,-3.7404445987730623
-0.966613846103104,0.2053532594868332,-1.0,-0.2675145200040834,-1.0,-0.7244304723541803,-1.2034242363316554
-0.4038644037067396,-0.2133441485757368,-1.0,0.5945789142511891,-0.9374089803011221,-0.42940440951654535,-1.8325011178117012
-1.0,-1.0,-0.4640831463671322,-0.4463486074951626,-1.0,-1.0,1.8514116028872893
-1.0,0.01994518682668473,1.0,-1.0,-0.39241500865475115,1.0,-4.7861341741776275
-0.9337341395928984,-0.1375628455387995,-1.0,-1.0,-0.8798179486471102,-0.3461858049091149,-1.67534568783665
-1.0,-0.18713441910264206,-0.08582612633403786,-1.0,0.23978676578118407,0.5191249084926587,0.6005197865483998
0.5163681663067982,0.6401538333806382,-0.20667941775570298,-0.2961890561014927,-0.9167153488879326,-0.9717795284185241,2.9054114405845497
-0.8847430575159703,-0.28906974853433265,-0.8607726078841006,0.6405780676812407,-0.7526375024301757,-1.0,1.9864719208593153
-0.28004470145090865,-1.0,-0.5415077139680646,-0.07673730096314096,0.05235842699937532,1.0,1.8453995003080699
-0.41702030547407976,-0.7939797337237376,0.32449022360565216,-0.0028662922322957307,-1.0,-1.0,2.72940557001692
1.0,0.08287691688060694,-0.17235774217964583,0.08757589026742156,0.19565684771436687,-0.6756901360214149,0.6524484814068474
0.0975988872266127,-0.6113341962729013,0.20672283301202027,-0.06065679348649655,1.0,-0.3842527456692105,0.16436691217845265
-0.0018593789155200158,-1.0,-0.582985650733918,-0.8327035164841563,-0.16931470346583344,0.8844737708313555,0.18907064844943344
0.17387534907080482,0.6072796969567337,1.0,1.0,-0.19277530362870438,0.7834247216083312,-2.828333934108913
0.7193088685814761,-0.006806542608912336,1.0,-0.6710519102244646,-1.0,-0.8882787538963024,4.451856668209364
-0.46700782371058425,-0.03964495519873501,-0.14854421615431335,-0.405150795067736,-0.7885531371365107,0.6089252156555135,-0.20919914082840757
-1.0,-0.07777558926433836,-1.0,-0.5996103090858346,-0.04201329447781754,-0.26418102812669964,-1.288873891643044
0.007317362844427744,-0.840206153757644,1.0,-0.24032874415068994,-1.0,0.4280744820187321,0.8873510666533921
0.7587887072779287,0.5121125623811364,-0.8040178406682611,1.0,1.0,-0.7776246364567199,-2.9188675429835054
-0.10853056688018785,0.8075840255265436,0.8916041689505199,0.48978272188780864,-0.33174434616262516,-0.3135029665503474,-1.1787353163870888
0.7854128436116413,0.047977735161939206,0.39800208440952656,-0.6974340413397706,-1.0,-0.46164588330109424,3.840155347371501
-0.23459829540676397,-0.7322221967802593,-0.8573568632938153,-0.7674687750985495,0.09059307295450397,0.3188578098340411,-1.3668180635954275
0.2497437830793603,0.7869674677959919,-1.0,-0.039791555485697794,0.7490136113342831,-0.6411461436422805,-0.7199269512410373
-1.0,-1.0,-0.30792764530171257,-1.0,-1.0,-0.46227595938249344,3.4983477777945455
1.0,-1.0,-1.0,1.0,0.17876932066812545,-1.0,-0.1497208399683072
1.0,0.09268719908631828,0.1059814055110109,0.9908144102781039,-0.10033490065558259,0.5709885965459669,0.8957212671901753
0.36473133395499274,0.6704324640577911,0.8719969392595233,-0.9961821042546439,1.0,0.16762795035624667,-0.21873763612972194
0.12388336513860143,-0.37370536472914306,-0.0032999867577504505,-0.04516210423920075,-0.9923706791849285,0.7607002301885754,2.1965761576464424
1.0,0.0315338858134776,1.0,0.8062306506560303,-1.0,1.0,2.807822574535553
0.6484648874378023,-0.043442686796465235,1.0,0.018123811537840595,0.041804054995248335,-0.03909941693794734,0.22312589386057113
-0.04405408144716666,-0.055557668327094745,1.0,0.5987010458874088,-0.7270381792202143,-0.23843038400253613,0.5462846210338688
-0.545809640487828,-1.0,-0.8977153412383796,-1.0,-0.43220005167082187,0.2314757655872295,-4.777923272470572
0.8697258856641177,1.0,1.0,0.9502145090112781,0.6842564171433245,1.0,-8.246999204765558
-0.7178001845545159,-1.0,-1.0,-1.0,-1.0,-0.15539687810188885,-0.5351970521859093
1.0,1.0,0.308737278240928,0.9066054577092582,0.7799388576476941,1.0,-0.6871021883168285
-0.2570313989152937,-0.49565492197124217,-0.3172941616952596,0.2343578938773747,-0.8121325371890111,-1.0,2.620778452609672
-0.15387653009752722,0.2856777714436194,-0.8613280761868303,0.666887630897354,-0.35932775050570465,-1.0,2.4261247322419406
1.0,1.0,0.4887310065335744,-0.3916750667872904,0.5826221243428071,0.657874809867482,-0.8799817983257399
1.0,1.0,1.0,1.0,0.5529267808581663,0.5658262012666322,-7.888412146900476
-1.0,-0.24101039939812718,-0.9378805096856075,0.09591414476598237,1.0,-1.0,4.250355079568576
-0.7634851378371414,-0.5280543693934194,1.0,0.19268885935184704,-0.6014981486363618,-0.2952465309691299,0.2735959843265114
-0.8873682038357622,-1.0,-1.0,-0.04009953700870361,-0.6614207785363321,-0.46961653406575765,-3.3554532940026554
-0.5529153301568752,-0.796381829584281,-1.0,-0.7717067187596667,-1.0,-1.0,3.786267084511672
1.0,0.2001958288969986,0.1852416941076022,0.7797327016042401,0.09334826660325751,0.8583306184690508,1.114802823642689
-0.5161669615063577,1.0,0.38811386402414777,0.8154067514339034,-1.0,-0.538842544343427,-0.8840162379080427
0.2500384391663308,-1.0,0.0653730502267007,-0.7444355844673463,-0.3444107326354233,0.39778526746266274,0.547940243414304
-0.3851641680671811,-0.06152812671228414,0.058230083072039474,0.12857397139726323,-0.22181189457783357,-0.8336163669663605,1.4196434519274346
-0.4373407014126871,-0.37945428909393,-0.22080748647794562,-0.003943612687785869,-0.7340457284524449,-0.950962265873267,0.8620514350104851
-0.13325739700818584,-0.41313912508690487,-0.8575283089127103,-0.7080627764187153,-1.0,-0.13747599330256088,-0.8578441404519819
-0.9160753696070445,-1.0,-0.0239969932857802,-0.20468205175007065,0.985809643744572,0.6274920565413042,2.3787796052308026
-1.0,-0.30514942557509267,-0.9817655557852281,0.09268150123365912,1.0,0.8437472300331487,5.122525826600175
0.8780523113093714,0.7954950550214264,0.5831492001125098,0.821605523232231,-0.6514334207186512,0.7466961236352747,1.9958841556339304
-0.956205690210207,-1.0,-1.0,-0.3511088567577707,0.6671079008972143,0.23949640386338517,-3.813749237135492
0.9623425862489798,0.8665627347715047,0.13071062101003383,0.6279647324199709,0.409458770276646,-0.01827183855817638,-1.187687309056521
-0.02127005750985217,1.0,0.42169770689415254,0.7307717924649928,1.0,0.6855992558842352,-0.624139019733003
1.0,0.43501815889488016,1.0,0.41748008719983765,-0.5727479597890333,-1.0,5.817814490636042
-0.441054629467156,0.6080637065877725,1.0,0.21222383675281534,-1.0,0.3662887255962963,-3.652179655818293
0.7539161013908406,-0.9116197507341496,0.018622424219236183,0.3211542277527176,0.7654235179512714,-0.3435207267046475,-0.05794197547532698
-1.0,-1.0,-0.3791004031688592,-1.0,0.22999580307007972,0.1450219695561784,-3.72975535973234
0.25485925478985705,-0.15637484824845163,-0.2128787666438937,0.5533173195937611,-0.3972571822988372,0.49010859427127507,1.7954649555718505
0.30309844756905113,-1.0,0.9065179134781597,0.6552171451617443,-0.44131202420191484,0.476672201408314,2.1230084296637934
-0.6987009026363279,1.0,-0.5422447380886173,-0.9256540049052706,-1.0,-1.0,-0.002089731057857813
-1.0,0.5974757801503101,-0.47250784387732914,-0.985647557933485,1.0,0.7140763874822011,5.801991990911352
-1.0,-0.7924895594137746,-1.0,-1.0,0.7800411241740823,-0.9602522772095128,3.568711921846125
-0.5065381929263841,1.0,-0.5800452043799353,0.10498398130188838,0.9412899335148752,0.0029304314810838505,3.0090703066059135
-1.0,-1.0,-1.0,-0.26081619294358194,1.0,1.0,3.1152170565214186
-1.0,-0.8314346608255632,-0.5921956788445522,-1.0,-1.0,-1.0,3.672661512012555
1.0,1.0,-0.5428470910969606,-0.49533490224691457,-1.0,-0.5915188795030273,5.669081071246181
-0.918127233556771,0.4235248439682917,-1.0,-1.0,-1.0,-0.1103394854569637,-2.0314099339426916
0.24522890745123832,1.0,-0.23320440407045584,0.6202902525738404,-0.042592479871837785,-0.7383751958159335,2.3537048756471566
-1.0,-1.0,-0.7482414130782798,-1.0,-0.7923901765388136,-0.8868854363518619,2.910688899866608
0.0718857808783242,1.0,1.0,0.8036085947391223,-0.16536763403836618,0.41498250439599704,-4.206270378561841
0.9815065008370334,1.0,1.0,1.0,-0.42108954236934903,-0.3889510753445866,2.146433488087132
0.12173875971857162,1.0,0.2162345320741489,1.0,-0.3710274673610925,0.7641262767982409,1.4636328986226168
1.0,0.8205907291483354,0.23708897191303552,-0.07541262414051275,0.43064691369316943,0.6112536650125028,-0.8280908218858314
-0.2783868611114665,-1.0,0.04199739333858632,-0.5798237855139673,-1.0,-1.0,4.872815674659547
1.0,0.6022674046618719,0.5421938263884982,0.8206561894593161,0.2951063205191545,0.0961979321053743,-0.8103408993754182
-0.23605806505913174,-1.0,-0.4604372767649163,-0.7827918909587346,0.2454073812524349,1.0,0.0418670352128806
0.411631594411505,0.6029204167763421,0.3671073782130254,0.09541175293751414,0.08494819921633229,1.0,2.475755935999698
-0.10898712533543325,1.0,0.3681449298250248,0.9957694615764822,0.8455755868903801,0.35687682371001905,-1.4499527687368663
-1.0,0.33707380776175055,0.3584383223993155,-0.47481800982445255,-1.0,-1.0,-2.533460507351869
1.0,0.027565550040208664,-0.14653043336541838,0.17162778367716375,0.8191147145401418,1.0,1.5178918287962035
0.8888291882709738,0.5569749875421777,0.3004041589462388,0.08135105363391748,-0.16170957479324244,-0.47573097194939606,2.6823942278214172
-0.331191839655647,0.2656060830276518,0.537507294858825,-0.13898381876694366,-0.8597171724458551,-0.2202626515441288,-1.0202613853866656
1.0,1.0,1.0,0.7760630910418422,-0.08155609925755403,1.0,-4.599173971791167
1.0,1.0,1.0,0.03626019739952757,-1.0,-0.9698603932630075,3.5315278015252383
-0.23961043928896714,0.6245301927805007,0.19324869468203298,-0.6430088753331165,-0.7168057549240058,-1.0,0.07811209243015188
0.6753251816892231,-0.6107786267201121,0.4331830512545798,0.04538337486794142,-1.0,-1.0,7.0995122774363155
1.0,1.0,0.4530125942409007,1.0,-0.2296756032903941,-0.36442854596572993,1.9131731869303208
0.3669715405613818,1.0,1.0,0.41210325621182675,0.861899831980456,0.15888071564374384,-3.8067618201240547
-0.8554367490522332,-0.3379903485165221,-0.6865693449501385,-0.08374362145327352,-0.06619585856753285,0.30232661562750385,-1.028342774107907
-0.38931236343006265,-0.07529098412913704,0.6227475906835509,-0.17099302387661808,-0.20236960976844598,-1.0,2.682463033235709
0.18842735208718875,0.6589363491761909,1.0,0.13164324237345898,0.0364947964147353,-0.939658951510951,1.807066496187129
-1.0,-0.38369624980118544,-0.24226364391792468,-0.28923832149473505,-1.0,-1.0,-1.5394554791406945
1.0,-1.0,-0.9315413215003487,-0.48441783364098895,0.41521687945137176,-0.37774591783574,-2.6559516561010943
-1.0,-1.0,0.20365107732359397,-0.23909116186168644,-0.5382432459311525,-0.40154603905399155,1.0261943315701896
-0.9583257830601171,-0.15755714396962106,-0.2836625753989259,-1.0,-0.7400821287050572,-0.4968207490846447,-0.2520178243570676
-0.36663247116518705,-0.20823127815207437,0.8550918643688037,-0.08672058076299793,-0.664065523514106,-0.29713186338272385,-0.7837927376983409
0.5384700954825477,1.0,-0.1104878489716623,0.2747237243984866,-1.0,-1.0,3.721894667470301
-0.9440564199550248,0.7798903891322532,-0.601323999473844,-0.6857242697801341,-0.5043848329045064,0.37039608435202603,1.1678110907842525
0.45142438581012945,1.0,0.7088079008606076,0.6403766275616005,-0.16758150741932099,0.6003732657215056,-2.4386085547745937
-1.0,-0.2346085886116176,-0.15024908587611951,-1.0,-0.820922263088292,-0.34676243844841426,0.2950098107691481
1.0,0.2962341102020083,0.5911696835449528,1.0,1.0,-0.828162260506792,-0.9420361769268724
1.0,0.11576796783764426,-0.7172889481007161,0.26302611699257705,-1.0,0.7070817716576154,5.614356819549557
-0.35732210775673656,-0.6298593556488097,-0.17322760042782726,-0.8409061444891421,-1.0,-0.5494107045885162,2.536080150769271
-1.0,-0.8757414484086008,-1.0,-0.7757859227007162,1.0,0.8474921587198586,0.49862212391151517
0.4693453108967106,-1.0,-0.7023937975414891,-0.2280996639215294,-0.9535582148969041,1.0,4.78365563253357
0.924290776139649,-1.0,-1.0,0.500166431571856,-0.3107871459204423,-0.4022933500157764,0.033742855940863056
-0.25432710519038476,-0.31331380263554787,-0.24386877753667333,0.11482949501184989,0.4818272629502185,0.6522670353295976,2.01047060796487
1.0,-0.1387264827957741,-0.011702855761095143,0.2649699498842346,-0.2596844603778611,0.5562989801856517,1.3436466358755457
0.92462307325977,1.0,-0.48451990711293247,0.20025426011651715,1.0,-0.48595327738723626,-0.3420771709314104
-0.5992050473534585,-1.0,-0.9497033651818432,-0.06559702887802765,-0.15119850341425312,-1.0,2.552608009381905
0.04331489775356853,-0.6625219245690861,-0.2874959735400594,0.4252490058324311,0.30442712274609585,-0.15246238869978201,-0.27124308502188843
0.8515102203267919,-0.626920124580568,-0.8801618418471461,0.6043886495105983,-1.0,-1.0,6.345679588093142
-0.19378303181657594,-0.5696815253605435,0.3055936692513789,-0.22660399645157625,-0.6196088395023094,0.8339930725129706,1.2194417039980336
-0.5304317040497748,-0.24069806845940084,1.0,1.0,-0.13471325875759982,-0.4248749381932597,-1.1567376636945501
1.0,-0.05634594409345062,1.0,0.546068897282532,1.0,0.10898475701379484,-4.71956018190319
-0.8612516288130292,-0.7229454454819693,-1.0,-1.0,0.05480717535416346,0.48955459817202196,-3.7183627101960486
0.9856776233173714,1.0,0.8579160724427641,0.04065581864264556,-0.3380397816511738,0.033269006522148425,-0.9191217622122491
1.0,0.2887087576637255,0.09512678957378717,0.779554135926164,0.9157766966091306,1.0,1.6346660989433637
-0.3300373147583072,-0.772268417491858,-1.0,-1.0,-1.0,-1.0,5.101799864270558
-1.0,-1.0,-0.06519628811279599,-0.5111553841514935,1.0,0.6854698621043778,2.1485643966128527
0.10536294599845514,-1.0,-1.0,-1.0,-0.6583597979836582,-0.8851789239956065,3.1252758581068374
-0.12077671664227596,-0.0626979423734586,-1.0,-1.0,0.9305951579726325,-0.030383805723474766,-0.13443993727316578
-0.622245631661573,0.20951282636100865,0.9971266108105935,0.3003305841878926,0.5066011699060888,0.36777571460555036,-1.564921706001323
0.894934723234556,0.8996805144862365,-0.3204589711678015,0.7011315530153017,-0.39192932032523964,-0.9117276160437175,5.530231744134865
-0.12690363681583205,-0.1621396283935247,-0.4069308058131276,0.9513113461174081,-0.8051464004814466,-0.3159920024121565,0.08940647768085175
-0.8412113743455,-0.8172975080103924,-0.9468062685394139,-1.0,1.0,0.7806909429194584,-0.1694614446658126
1.0,0.7978405298112377,1.0,1.0,1.0,0.5331837751456787,-7.960193917620103
-0.46950865852072754,0.5193099960622328,0.4277961089277456,0.42533459102545074,-1.0,1.0,-0.5578863769517941
0.47538009031576056,1.0,1.0,1.0,1.0,1.0,-7.0963026619016265
0.14179486262337127,0.12136976417816683,-0.6294364076018326,-0.7611205141707,1.0,0.34266170643551974,1.406769143653145
1.0,0.7119646114355317,1.0,1.0,-0.5639340066060758,-0.5071427343417283,2.5233792717051173
-0.0064669539723434255,-1.0,-0.05036559068157631,0.5623835629042941,1.0,-1.0,1.2059651958822573
-0.153846550751368,-0.28656841004168654,-0.5632474102997951,0.19250577173716377,-1.0,-1.0,0.9009055624311018
0.9186811141426054,0.18902971664152565,-0.6653242676345874,0.38904186405352326,-0.35908495058623213,-0.47787100030599283,1.3004722647811857
-1.0,-0.22637281744775684,-1.0,-1.0,0.13814921130895064,-0.020304681236550298,-1.9819420819776208
0.44550629043070644,0.4079972625159386,0.7507518722767507,0.35508564283487243,-0.4477903376084975,-0.885150018645777,3.2015887026396177
-0.4529089554934671,0.42587479151184116,-0.060647929613176194,0.40818596615872804,0.05560378277242814,-0.14526421059032213,-0.7351599518517897
-0.36249295486600636,-0.3267889054933,1.0,-0.3245619376622895,0.8419065848321479,1.0,-1.4176722834329358
-0.9910182094981697,-1.0,0.3418867109701585,-1.0,-0.19417111034080115,0.3466891451549085,-3.501671955675451
0.6169164864781937,0.9313916036429997,1.0,1.0,-1.0,-1.0,5.4140151743862
0.4896229406681806,0.5604763670295697,-0.9040147796880029,-0.15974788719787153,-1.0,1.0,8.996135141878346
-0.38048703343400236,0.27227734128725944,0.19687008008532203,-0.9079258551402183,0.4630019348863053,1.0,3.528644247322237
-0.14301508078206693,0.45879396152138174,-0.3862518600817591,-0.2294001587301724,-0.6263641249331626,-1.0,0.6540986863065976
-1.0,0.6011311959906411,-0.6880045903200469,-0.8273179847598617,-0.7481931385487123,-0.3655499708872681,-2.0668595354075023
-0.6389570147648486,-0.12255074978773217,-1.0,0.3890937652255193,-0.7906804112939223,-0.28824310244400086,-2.0042022978306693
0.8225531975387335,0.9101628019446217,-0.32411546661542134,0.8718302770770456,0.5221212792681216,0.6638235169623126,1.2542931854982386
1.0,0.33149905468006025,0.8460773464034799,1.0,0.1856805562004044,-1.0,3.240730790014492
0.8131951732028415,0.009645945305352066,-0.2850890445571144,0.6414310136992569,-0.4257094296607975,-0.9253944523417995,4.429020405616574
-0.19131609183510107,0.5999327666637411,0.1722915070535301,-0.4221478494469466,-0.5729400215194645,-1.0,-0.05470859199364819
-0.657783229299876,-0.534027038795663,0.07552704811749648,-0.38130567674927673,-0.6492925210897399,-1.0,1.4456739390958457
0.6649873510971983,0.3669389314480258,-0.12399823440136648,0.05879300506905227,1.0,0.8689512120316087,1.1902005231922026
-0.42684793473065374,0.23295270627523829,-0.8305312574103448,-0.31524296941187746,-1.0,-1.0,-0.371359379347301
1.0,1.0,1.0,0.6721886372004258,0.04823813665467924,-0.8574186942189682,0.34189262483264393
-0.6365850139288876,0.6730323524036792,-0.47672816781868865,1.0,-0.13374117825958654,0.4026105448320947,-0.2836136967212668
-0.09598036808505256,1.0,0.0456418378036087,0.5944170582075882,-0.3367883519223609,-1.0,1.6153823149156064
-0.6351869313780821,-0.8997155838368167,-0.48691518173625836,-0.37925500201214307,-1.0,-1.0,1.3581116503364972
0.21580264294705054,0.8101583799876364,-0.15119243800167037,-0.4010170915935012,0.4797784483869593,-0.7277843942539146,0.4212532478685631
-0.2539189815902653,0.4199189776538198,-1.0,0.20230276181362514,0.4656826759313014,-0.42644006074686147,-0.41804086268983764
-0.8355465635742914,-1.0,-0.5847314359677117,-1.0,-1.0,0.602302636960442,-0.45602687124112484
1.0,0.504730705343673,1.0,0.9188187478157609,-1.0,-1.0,8.16617862429453
-0.48645112840281945,-0.1821348474737406,-0.025148029476124267,0.5122951271544809,1.0,1.0,4.714073347107931
1.0,1.0,0.6347379288531001,-0.7757386329363095,0.6995522790773745,1.0,0.7088356509284754
0.8623644342735229,-0.37737614071712267,-1.0,-1.0,0.16274095101174257,-0.5885433753471387,-1.0555084952485436
-0.05925202211247482,0.6337106260140792,0.10696267237191082,-0.7647384377693646,-0.44034903291840494,-0.09174247114086287,-0.20099275435589292
0.9527687714215544,-0.10125910834609553,-1.0,-0.025011085510763365,-0.842284086999163,-0.3092323951436291,3.3957123561014675
-0.38172405891903016,0.20676592562873397,-0.969022924485454,-0.645407842440193,1.0,0.38224659487732615,2.0391230917904974
-1.0,0.10725643346562852,0.4070836888765422,-0.23468264016904478,0.8868908501082202,-0.5331635626166021,3.2749710711453743
0.7127101690482471,-0.6896522739439986,-0.6848282591592241,1.0,-1.0,0.12912530054367977,2.6480093568945673
-0.4949940494445848,-0.3403014646793942,0.45895212600157725,0.11718250875984554,0.3353255471557106,0.4712270919374967,-0.2435605850548564
0.898475903578827,1.0,1.0,0.6256827631249466,-1.0,-1.0,5.062881016681399
0.7804527369598013,0.1644448098915876,0.5121098667252995,0.5783692608952791,0.5377152833445893,0.03273904809040662,-0.480357673645444
0.011842738836942979,-0.8503093708616656,-0.2706503284506373,-0.9972401074153321,-1.0,-0.24346565833544664,4.598932084249417
-0.7191013434921847,-1.0,0.2020095948858388,-1.0,0.3838771087974668,-1.0,6.966335885571062
0.9940967150501361,0.7209624919809714,0.7975760506033307,1.0,-0.23812490586145588,1.0,-0.7703714877488592
0.5151550886172158,0.39669864925227394,0.6699542787120967,0.8367887075775757,-0.5657966416118052,-0.4886318961466466,2.0008858783157004
-1.0,-1.0,-1.0,-1.0,-0.7983817179678052,-0.03992162494509932,-3.8253455946935233
-0.416584010197361,-0.7083225786752395,-1.0,-1.0,-0.08689002269567311,0.21541678891857605,-2.101186346207765
1.0,0.5641307012125438,0.8829666417210278,0.34740643189462395,-0.5409859922929652,-0.721551830663478,5.984846037160715
-0.850420224850846,-0.10065716268752123,0.6189849520128418,-0.9800752898741962,-0.930599833770208,-0.0724239137122242,0.46125363293022614
-0.7550753538304614,0.429073522486188,0.20227835599942806,-0.1492779381252936,0.19630794875886592,0.6779977431415263,0.9155093641002977
1.0,1.0,-0.12381138988364782,-0.302769148373678,-0.5092328880799883,0.5660193943313974,3.819215924603264
0.471029859859052,1.0,1.0,0.3733519668639524,-1.0,0.4547767913056204,-2.3506064428463374
-1.0,-0.4583936148045189,-1.0,-0.3405244596126258,0.0037660045115454066,-0.3214548582550804,-1.408215920645215
-0.42604214992144274,-1.0,-0.3430149792437176,-0.8962164411452918,-0.33707699708637995,0.4688992477285876,-1.874717289235269
-0.9199744717464786,-0.0036884482781096573,-1.0,-0.8599185877767039,0.12252514408071204,0.5320071219061289,1.4077754078182176
0.0802427225908387,-0.10434833958993295,-0.3969400326473444,1.0,-0.0827781008880617,1.0,3.751330484890305
1.0,0.20083509242353137,-0.2461105003586318,-0.05398552346229504,0.6390135418720637,0.4172406572032248,-1.5418828524468753
0.1456678323383077,0.19709300404085245,-0.5226600466067194,0.025774943051412702,0.5911202255667011,-0.5407736336575046,-0.3258008534421206
-0.6620587347253883,-1.0,-1.0,-0.5718856550055653,0.4079175184085397,0.5497946069584467,-2.739320816295812
0.6069730548985495,-0.8629966709080628,-0.9488117163222223,1.0,-0.48828706490571855,0.12577776851914202,0.05160392266869445
-0.8459028505913441,-0.3041070629466738,0.8549554386247974,0.44996700986281024,-0.30047395596303195,-0.060554157578016965,-1.7322443183039025
0.10996126340883505,-0.5500323272502032,-1.0,-0.23110943892800595,0.9812273587445739,0.23319288738732813,-1.6200181804389586
-0.17616843741439947,-0.8241214826877761,-1.0,-0.7435121719308053,0.7442481865908581,1.0,2.181989089679364
-0.02210903715423687,-0.003993554940689467,0.04604404439615639,-1.0,-0.2596013012274221,-0.4962939148395027,0.7696466203913899
-1.0,-0.8041165586116057,0.09227947727186098,-1.0,-1.0,0.47419662316059386,-0.3989041006449417
-0.9346522935835369,-1.0,-0.12034295386275845,-1.0,-0.8947379650714773,-1.0,5.317711370235712
-0.7894468465078714,-1.0,-1.0,-1.0,1.0,1.0,-0.5201329194860027
0.39381996524203294,1.0,1.0,0.08149742785463676,0.8523774080448003,1.0,-3.1441858374872433
1.0,0.9953199138093971,0.21004175982771534,1.0,-0.4300234044792623,-0.48900283350858487,4.671199949293157
-0.7275743944491674,0.5222705060865922,-0.39058932945376823,-1.0,0.8079764448257132,-1.0,3.8941472115941353
0.5409140038110435,0.5699631163957428,-0.8303758028988913,-1.0,0.9366359006635327,0.1259010546192305,0.2567547526123055
0.4356374773599655,1.0,0.2741537472839,0.17745168415027823,0.543968549416292,1.0,1.9618824495421667
0.8730968827592278,0.9806052255889646,1.0,1.0,-0.34177469012445966,1.0,-2.9519059724415753
1.0,0.9628008362346953,-0.5921609655119131,0.013799025664613995,1.0,-0.1867795058890705,-1.7021967039288266
-1.0,-1.0,-0.7458369982430648,-1.0,-0.4958393482626897,-1.0,3.0522991125930483
-0.6641563927199354,-1.0,0.1123025111386512,-0.4146788343210531,-0.7138261638490678,-0.566555921273983,3.0629191666955595
1.0,1.0,1.0,1.0,1.0,-0.5077020465433205,-5.946721572272294
-0.04971512838686393,-0.12763440264467887,-0.14399295886362495,-0.5410684726578754,-0.8316173924148087,-0.7129712288076577,1.2956152929650868
-1.0,-0.021679071476605527,-0.6477055106521838,-1.0,-0.4337368329910145,-0.20149537505891346,-1.2930286110086466
-1.0,-0.30997544325108617,-1.0,-1.0,0.8780042995068784,0.2564981033622976,-1.863902875425664
-0.055198056865414985,-0.47084901577022087,-0.45014782916774415,-0.16558123719845014,-1.0,-0.5859991936717213,0.3253001003214855
-0.030327911761166435,-1.0,0.126768962434806,-1.0,0.03767792110685786,1.0,-0.7771712373148932
1.0,-0.14590311188600102,1.0,1.0,1.0,1.0,-6.831751996355272
-1.0,-1.0,-0.4796076397778877,-0.5191578182738215,-0.8339276799214771,-0.5273312204108203,-0.3189420044857736
-1.0,-0.01910875297760173,-0.1611668637479733,-1.0,-0.6966699844763199,-1.0,-0.7852529766970127
-0.9448411946171364,-0.24439294460350947,-0.5929823293755232,-0.9018877331832115,0.5273081470945645,0.8732094671833679,3.7532185149946615
-0.31208130853160665,-0.25874000245205464,1.0,1.0,0.26530356709512576,0.2905237812326673,-1.583928421109225
-1.0,-0.2868166118555263,-0.8190102689850143,-0.23321274188176278,-1.0,-0.5227139281639872,-1.779870633875094
0.2095544690253116,-0.12900827499821987,1.0,-0.5626649237326424,1.0,1.0,-3.770137999427591
-0.9058680296312918,-0.5227788085727415,-1.0,-0.44718399471010106,0.3627927797498969,-0.5788006686398128,1.1966946960782914
0.649706730184868,0.5432162700406484,1.0,-0.4057715456421035,-0.08928852734952258,1.0,-0.8820150591537512
0.5406649317467414,0.6469280855935756,1.0,1.0,-0.40025636287232647,-0.01578148384995423,0.48774437333619747
-0.49170793968480986,-0.7346101061143927,-0.10013567781828486,0.21281341606458976,0.9249293672222568,-1.0,2.8334959115135625
0.668391471085607,0.2703702647345955,-0.39604196294593913,0.7364735060299967,0.1158192404168239,-1.0,1.9562305337784545
0.6063361377197878,0.08225718193212166,-0.2163751040727862,0.020707463952838095,-1.0,-0.08937028682794945,1.5583453394570552
-0.7142537083217597,-0.9969588777901384,-0.29659667034596626,-0.3546224688032748,-1.0,-0.40758817843294204,-0.3322959288349451
-0.5147623666116237,1.0,0.5206443194346203,0.23953171378494367,0.8109278594753764,0.6684402603870199,0.5436214079586178
-0.9635430032666781,-0.09347674227919234,-0.6707687220797454,-0.4407245979629564,0.14702891225663106,-0.6815453671872416,1.474109242845695
0.9460173452173777,0.07326528993167725,1.0,0.756143860983217,0.08820271356937881,0.9800629332887834,-2.7313404715474894
-0.47496697930185494,-0.3446252908579387,-0.688637241535694,0.5065788023915309,0.3175465112583995,-0.6602089140476555,2.46863435878475
-0.03265638924333947,0.11291990097597182,0.8439943255447132,1.0,0.7956363646872973,0.33543979243164923,-0.5117039450040656
-1.0,0.24131003150832875,-1.0,-1.0,-1.0,-0.537727858733372,-1.7018946566701267
0.6179722848717923,0.34681112152093374,0.60239638673193,-0.21136950743341898,1.0,1.0,0.7311571994419269
-0.09217200514584012,-1.0,-0.08778858195011652,-0.7517515069288678,-0.828093438377392,0.490343200457393,2.7227670904233254
0.21631273921737404,0.7709258229878138,1.0,1.0,-0.35915112981408615,-1.0,1.9075132385219642
-1.0,0.2402229727388825,-0.7530686755307539,-0.07954974338004117,0.29150652555534445,0.26593152667918074,0.7889263185374303
-1.0,1.0,-0.8056069860325206,1.0,0.8525378967952184,0.2739303583088242,1.4640206926348225
0.8524414675303034,0.8115044169445822,0.06277336199000016,-0.6744924378443015,-1.0,-0.5074799272057845,4.078818711290672
0.09015570456107605,0.22256533392974417,0.07383063669178425,1.0,0.7610693761781715,0.04521803341191877,0.7012284162367821
-1.0,-1.0,0.8358816032604617,0.17194069476117518,0.4035360803215686,0.5652813293111447,0.7041868512310507
-0.9463873592642185,-0.7850763322282769,-1.0,-1.0,0.9494855573009953,0.525056518864697,-4.2626861285683075
-0.2539722098112683,-0.9022085529642525,-0.11959062317715874,-1.0,1.0,0.3962253209053902,-0.15658168438652598
0.8125005204848229,-0.11639204430500188,0.16353765904224132,-0.3171104345543563,-0.5108003270828763,-0.3903555685841672,1.4002096026937272
-0.2017205724236889,0.05801009856584516,1.0,-0.940294126612276,-0.24994275026119545,-0.6244854013348551,0.6325670535841728
0.2912693562848543,1.0,1.0,0.679199328461653,0.5563294328526375,0.7261573373504859,-5.340219318166843
0.19452930957495912,-0.07782417220531601,1.0,-0.8658275002247079,0.43446995264725585,0.018131164689505264,-0.7916085154564788
-1.0,-1.0,-1.0,-0.07098486599791509,-0.3622737036263928,-0.6055457941401776,-1.832158204013671
1.0,0.7068324703107113,-0.4935982856079878,0.6473399678688354,-0.17987971999863295,0.05961989038740878,1.0124364312500964
0.3735488535055366,-0.19228003762091794,-0.261032361807658,-1.0,0.10197582010824247,0.6187020845563898,1.4099152275092992
-0.031612832018071864,-0.7280513116716811,-0.05608879526380428,-0.33378327780529093,-0.1687856155243359,-0.026780919153569727,0.0265803341613981
-0.12325947405060511,0.2769298864171511,0.057028953096345925,-0.011275784736533567,-1.0,-1.0,0.7736379446375362
0.09219473698784286,0.5678280757960906,-0.6113294717567289,-0.24331254338623454,-0.4580595633077901,-0.09467060782599132,-0.02579226852807137
0.40215856840058606,0.2873798311546729,1.0,-0.22039122080985685,-0.8231996173169203,-0.9404366414820031,2.6003057229117874
1.0,1.0,-0.6892374039523426,1.0,0.6444849672018551,0.2936612044396947,-1.4436621276532444
1.0,0.11255705891722645,-0.4374094675596071,1.0,0.10452704283753096,0.014536368934184703,0.026681108882187388
0.6094316164576205,0.46149369505858384,0.7711877288482698,-0.8176803113213493,-1.0,-0.9585932777771132,2.8301982613755685
-0.17340888837648064,-0.20366796353398064,-0.8561017600768634,-1.0,-0.04886991725247902,0.5253226866504288,0.6701454095016746
-0.19011931877316046,-1.0,1.0,-0.8118614835688209,1.0,0.7796912428225171,-3.6476822228430805
1.0,1.0,1.0,0.7451229531278298,-1.0,0.6169892918570179,3.1010431722523633
0.5401310156003124,-1.0,-0.5876004225916531,1.0,0.6368581642662273,1.0,2.2442109666215324
0.2919405650087553,-0.3746975189579841,0.7954498169120034,-0.17197637759787698,0.6482496638218596,0.3833457475539453,-2.2376830087351745
-0.5551793114164397,-0.50716629288369,-1.0,-0.5004916822613368,-0.08469693850309203,0.18256220705758286,-1.6295152712844334
0.08717868145309637,0.976053206368962,0.07551646678729462,-0.24923646091863327,-1.0,-0.3364232212984266,0.9888321146524489
-1.0,-1.0,-0.42098604306288623,-0.7933847473901551,0.5230189507324168,-1.0,5.043396833483396
-1.0,-1.0,0.8083134583092041,-0.17705745328961942,-0.7703772939325295,0.6381985156047907,-2.7182001400999902
0.6279548110986263,-1.0,-0.07364722689364928,0.5974246459962166,-0.1473058325012534,-0.48220046713587766,0.2692335625141208
-0.17821763926478945,0.43370565499215985,0.8593212729898015,0.06468748012523867,0.581472126700798,-0.6984446755808458,1.2262947464854799
-0.24125889875069295,0.5296778358372722,-1.0,-0.5600077890643923,1.0,-0.23490429279928227,0.013053142970844256
-0.45511144161169204,-1.0,0.13278867038641562,-0.7426780543814304,1.0,-0.5971714871879085,4.560387243371353
1.0,0.06150911682975524,1.0,1.0,-0.2150245055816471,-0.13582099739848377,0.35301789242703274
-0.3527312844606114,-1.0,-0.2637195360632487,-0.9095066327617767,0.6855061654276209,1.0,-1.4278894459327165
-0.9382022118820095,-0.14654882477522024,-0.6953426875100936,-1.0,0.004922052054381787,-1.0,3.1571789506307413
0.32431872022432884,-1.0,-1.0,-0.12527670807611732,0.14212491595842208,0.6951760519450663,-0.657937940393745
0.3724313982034329,-0.10088872057168972,-1.0,-0.21201935461541832,-0.657801955796509,0.1418337327484012,0.23177137392601788
-0.9956653328789635,-0.28597341458306186,1.0,-0.3064581986320488,0.02684604366230059,0.5489817412547672,-3.480993966427302
-1.0,-0.6549847242680631,-0.7920085577820146,-1.0,-0.6632294919700953,0.5019572618543844,-2.3054580259937807
1.0,-0.7004520009632915,0.013667036564002644,0.1550889525237809,0.3950921350092793,-0.0454847258095441,-0.9631319955019213
0.20644870453329678,1.0,1.0,0.4242408751097364,0.826161852142274,0.7463981997397974,-4.384055666135527
0.03358427171358691,0.3795396446743379,-0.35343453173541073,0.038189865080950125,0.11029322669187819,0.7885850593164674,3.8223479264072444
0.008206558385651874,-1.0,-1.0,-1.0,0.9670733507892757,0.8075771600130952,-4.109794223294083
-0.21141753194159607,-1.0,-0.34853467143016315,-1.0,-0.018353240600865517,-0.27288724636278383,-1.0756674576370038
-1.0,-1.0,-0.6115261482012095,0.19051218951290416,-0.8418211517545211,0.36685755742756665,-3.025010481683999
-0.5529758962188742,1.0,-0.22837106446174094,-0.7162951727164484,-0.8108306098979292,-1.0,-0.6225547757013157
-1.0,-1.0,-0.4857079357191292,-1.0,-1.0,0.4259849943821841,-1.0028747009343846
-1.0,-0.9604254625784905,0.7539419748050252,0.3687729680218157,1.0,1.0,3.0747616764879364
1.0,0.8696275580460441,-1.0,0.09804831176206444,0.27480078500913435,0.03985144544539829,1.4816207665352064
-0.08701559903970058,1.0,0.06833601307975912,1.0,1.0,1.0,3.701585444805602
0.3157716920852289,0.2230939337687705,-0.6207985868849359,-0.7563739553789031,-0.13443365472020075,-0.8647540924973177,0.9002027168769612
-0.6628333395645707,0.1500930683263466,-0.893937919122516,0.8831216826422301,0.8688296949735548,-1.0,3.1472395055556803
-0.05883152471237019,0.6858754352597165,-0.7255347867230952,-1.0,0.3084143304044953,1.0,6.847510543438497
0.0865065991826108,-0.0794917807613883,-0.9105119302442901,0.4786617804071939,1.0,1.0,5.898019793890026
1.0,-0.3117408557392815,-0.5518832088365201,-0.002013277786668599,-1.0,1.0,6.99920205498423
-0.8043002958164833,0.048816383257691845,-0.45758218959118213,0.5113693686090734,-1.0,-0.5307402562438394,-3.077138280255034
-0.268287410801501,-0.19133662182098643,0.555473720930251,0.27884397960899965,1.0,0.531900821919996,0.23992470951593511
-1.0,0.8767867989813749,0.6524126097109215,-0.3578925142155961,-0.11935551335877848,0.21648390953581648,-2.3986617332315046
0.6511114139941805,0.12864417495548275,0.2623899293515375,0.36382171109248795,-0.6122206873058977,-0.15472383617422303,2.3421492911764767
0.19545699351410128,0.29428534691730834,-1.0,-1.0,1.0,1.0,7.487567553539576
0.2490678958576057,-0.09762317969407786,-1.0,-1.0,1.0,0.8244314538242696,2.6552713138140516
0.6882733415893834,0.833099374939964,1.0,1.0,1.0,0.0883486189864574,-6.941312410031284
0.21301812137769988,-0.2661226796656676,-1.0,1.0,-0.12645858870923055,-0.06941249327426613,-2.094148955795048
-0.9663256767047868,0.6517050760851631,0.4756703715923858,0.7766475273484961,0.3711298216741814,0.0550315388634271,-1.1444738656187596
0.15230338041922925,1.0,-0.06003684236957085,0.32879714370346047,0.6654650392359982,-1.0,1.196320688829657
0.47277572795654743,0.6697468348083826,1.0,-0.8379747756307101,0.2569270782924209,0.8370978216954023,-1.753608503150562
-0.6070730022785555,-0.06642522157325303,-1.0,-0.8605197114751328,1.0,0.7803266907994316,5.485632099957563
-0.22325881788385168,-1.0,1.0,-0.5054928501926013,-0.46681683343221075,1.0,-1.1263124300923864
0.5931373174243033,1.0,0.799537388647439,-0.48080349642010145,0.8502160610877305,-0.6075933250679073,-2.0295213921679967
-1.0,-0.12952151413065183,-0.9818230086961155,-1.0,-1.0,-0.2737803887970284,-1.9189750774426
0.5367165752773178,-0.48223595047175744,0.42224641491459786,1.0,0.8644523553517742,1.0,2.2568362438856284
1.0,1.0,0.6729774853090678,0.1542909585885089,0.4157751910403944,0.2560699386205836,-2.3635865555783515
-1.0,-0.007149199328616351,-1.0,-1.0,0.0546965160573728,0.428910717761106,-0.5646010443809251
0.6481139034543478,-0.7916098008591912,0.42667238893943565,-1.0,-0.29518147121321314,-0.23749477892276594,3.1108336296021637
0.31849913060527363,-0.22005478623677566,-0.009998184946713784,0.6661365434658083,0.22922073556998546,0.7474070956535191,0.8241065868507206
0.6948594494751879,0.4016990073795472,1.0,0.16693138330589696,0.8969414277203769,0.5661950720510049,-3.45328971933838
0.49022301483362146,-0.14079828676825015,0.19994297215310236,0.09802115875840156,0.1525360533920933,-0.01039298295243729,-0.8811347306320682
-0.16435681833600224,-1.0,-1.0,-0.5851538425310374,0.5545385729376403,-0.7493122809975445,-0.08411605321778082
0.9708702489780057,0.7799172412580178,0.3419584465550498,1.0,0.19356260152516153,-0.19506362148076498,-0.013160480268259958
-0.15733269485462442,-1.0,-1.0,0.4268001234346236,0.3850959202316243,-0.6821194448252532,-1.5126664046952485
-0.0921892109903546,-1.0,0.4112532877442495,0.22905873192672258,0.521652725753577,0.5446532817542855,1.6437104230505748
-1.0,-0.1965571499513759,0.09286269463621277,-0.676034053698213,-1.0,-1.0,-0.40155571532191126
1.0,0.39169381237913037,1.0,1.0,0.30304659297069386,-0.7564261699167266,-0.10162047065717258
-1.0,-0.5960531017245732,-0.8897425205143732,-1.0,0.7962713932450822,-0.5942390239706379,1.973259976185325
-1.0,-1.0,-0.15717302812477385,-0.7135712239998975,1.0,0.7825290023862446,1.5869555413065786
-0.23884026668468683,-0.6790485982357733,-0.4484928788074345,-1.0,-0.4971996976087746,0.3689034706853478,0.4536012891923721
-0.4601298934636311,0.2994646603320552,-0.04495461724924543,-1.0,-0.7181609517980938,0.6936689842232762,1.8961099287584173
1.0,0.6706781550409833,1.0,1.0,-1.0,-1.0,9.107977352310318
-0.17243680225462987,-1.0,-1.0,-0.5488894377597515,1.0,1.0,1.2802919503372878
1.0,1.0,1.0,0.875990097312398,0.48270843451049805,1.0,-7.911113535987846
-1.0,-0.2620179752217895,-0.9057297204087025,-0.4151822060410473,-0.826909008946948,-0.45184467930514804,-1.9363649859345637
-0.18105610357409296,1.0,1.0,1.0,1.0,1.0,-6.485853916154446
-0.46507720909345973,-1.0,-0.984835589253805,-0.35314454915866117,0.14533342112665926,1.0,2.457436778834687
-0.49719409291257755,-0.8637788054593583,-0.5493138337139836,-0.9951100935833088,-0.39457656423910237,-0.23875798147516702,-0.4754820249368469
0.2142803485538671,0.5111116441363523,-0.7146972747547484,-0.4273206824592435,0.45908021942033383,0.9224495258203738,5.432563183369303
0.8159151798902233,1.0,0.5587883192594696,-1.0,-1.0,-0.17519422493723358,5.106709213271072
0.9693663205220915,1.0,0.35568844418860784,1.0,1.0,0.678581029211325,-3.1571353499900336
-0.8340457570896722,-0.7943368153640764,0.44795368189623086,-0.6448062137956929,-0.1723030993480399,-0.34418462288302154,0.7094835333942052
-1.0,-1.0,-1.0,-0.3254075436399628,0.023399702371111553,1.0,1.7686630991019716
1.0,1.0,0.4528647859751458,0.8155930419978403,1.0,0.6510391766101638,-4.189421095507296
0.15183995452562593,1.0,1.0,0.7987573046713032,-1.0,0.11975188824368559,-1.7710736322182459
-0.33197999883567764,0.09714707844005155,0.3513448379455451,-0.0463113854116356,0.44039299798847603,0.6682731050242583,1.4414543608537098
0.3965426664417805,1.0,1.0,1.0,-0.9191567130086633,-0.5473459334124086,1.587707336961181
-0.00991458016348612,0.19911961470183748,-1.0,-1.0,-1.0,-1.0,1.096311333370204
0.8959093568345846,0.13057153681830602,0.4642141538980974,1.0,-1.0,-0.7623991964650616,6.954813581724351
